file,line,type,commit,author,date,time,timezone,datetime,depth,length
style.css,1,css,da7f76f9,Kyle Duong,2026-04-15,14:35:19,-07:00,2026-04-15T14:35:19-07:00,0,5
style.css,2,css,da7f76f9,Kyle Duong,2026-04-15,14:35:19,-07:00,2026-04-15T14:35:19-07:00,1,23
style.css,3,css,da7f76f9,Kyle Duong,2026-04-15,14:35:19,-07:00,2026-04-15T14:35:19-07:00,0,0
style.css,4,css,da7f76f9,Kyle Duong,2026-04-15,14:35:19,-07:00,2026-04-15T14:35:19-07:00,0,0
style.css,5,css,7f15fdb0,Kyle Duong,2026-04-01,14:32:26,-07:00,2026-04-01T14:32:26-07:00,0,4
style.css,6,css,7f15fdb0,Kyle Duong,2026-04-01,14:32:26,-07:00,2026-04-01T14:32:26-07:00,1,43
style.css,7,css,7f15fdb0,Kyle Duong,2026-04-01,14:32:26,-07:00,2026-04-01T14:32:26-07:00,0,42
style.css,8,css,7f15fdb0,Kyle Duong,2026-04-01,14:32:26,-07:00,2026-04-01T14:32:26-07:00,0,0
style.css,9,css,7f15fdb0,Kyle Duong,2026-04-01,14:32:26,-07:00,2026-04-01T14:32:26-07:00,1,23
style.css,10,css,077b8216,Kyle Duong,2026-04-07,10:16:07,-07:00,2026-04-07T10:16:07-07:00,1,15
style.css,11,css,81fd7a4e,Kyle Duong,2026-04-07,10:18:07,-07:00,2026-04-07T10:18:07-07:00,1,18
style.css,12,css,587cc448,Kyle Duong,2026-04-07,10:19:43,-07:00,2026-04-07T10:19:43-07:00,1,12
style.css,13,css,4b3b86cd,Kyle Duong,2026-04-07,10:24:27,-07:00,2026-04-07T10:24:27-07:00,0,0
style.css,14,css,4b3b86cd,Kyle Duong,2026-04-07,10:24:27,-07:00,2026-04-07T10:24:27-07:00,0,0
style.css,15,css,4b3b86cd,Kyle Duong,2026-04-07,10:24:27,-07:00,2026-04-07T10:24:27-07:00,0,5
style.css,16,css,4b3b86cd,Kyle Duong,2026-04-07,10:24:27,-07:00,2026-04-07T10:24:27-07:00,0,6
style.css,17,css,4b3b86cd,Kyle Duong,2026-04-07,10:24:27,-07:00,2026-04-07T10:24:27-07:00,1,16
style.css,18,css,e595aa65,Kyle Duong,2026-04-07,10:30:33,-07:00,2026-04-07T10:30:33-07:00,0,0
style.css,19,css,e595aa65,Kyle Duong,2026-04-07,10:30:33,-07:00,2026-04-07T10:30:33-07:00,0,0
style.css,20,css,e595aa65,Kyle Duong,2026-04-07,10:30:33,-07:00,2026-04-07T10:30:33-07:00,0,3
style.css,21,css,e595aa65,Kyle Duong,2026-04-07,10:30:33,-07:00,2026-04-07T10:30:33-07:00,1,12
style.css,22,css,47c14239,Kyle Duong,2026-04-15,17:21:51,-07:00,2026-04-15T17:21:51-07:00,1,23
style.css,23,css,47c14239,Kyle Duong,2026-04-15,17:21:51,-07:00,2026-04-15T17:21:51-07:00,1,25
style.css,24,css,cb59fb0e,Kyle Duong,2026-04-15,17:29:13,-07:00,2026-04-15T17:29:13-07:00,1,44
style.css,25,css,b9f0206f,Kyle Duong,2026-04-07,10:38:12,-07:00,2026-04-07T10:38:12-07:00,1,18
style.css,26,css,e595aa65,Kyle Duong,2026-04-07,10:30:33,-07:00,2026-04-07T10:30:33-07:00,0,0
style.css,27,css,e595aa65,Kyle Duong,2026-04-07,10:30:33,-07:00,2026-04-07T10:30:33-07:00,0,0
style.css,28,css,e595aa65,Kyle Duong,2026-04-07,10:30:33,-07:00,2026-04-07T10:30:33-07:00,0,5
style.css,29,css,e595aa65,Kyle Duong,2026-04-07,10:30:33,-07:00,2026-04-07T10:30:33-07:00,1,6
style.css,30,css,b9f0206f,Kyle Duong,2026-04-07,10:38:12,-07:00,2026-04-07T10:38:12-07:00,1,20
style.css,31,css,b9f0206f,Kyle Duong,2026-04-07,10:38:12,-07:00,2026-04-07T10:38:12-07:00,1,13
style.css,32,css,b9f0206f,Kyle Duong,2026-04-07,10:38:12,-07:00,2026-04-07T10:38:12-07:00,1,17
style.css,33,css,b9f0206f,Kyle Duong,2026-04-07,10:38:12,-07:00,2026-04-07T10:38:12-07:00,1,13
style.css,34,css,b9f0206f,Kyle Duong,2026-04-07,10:38:12,-07:00,2026-04-07T10:38:12-07:00,0,0
style.css,35,css,b9f0206f,Kyle Duong,2026-04-07,10:38:12,-07:00,2026-04-07T10:38:12-07:00,0,0
style.css,36,css,b9f0206f,Kyle Duong,2026-04-07,10:38:12,-07:00,2026-04-07T10:38:12-07:00,0,13
style.css,37,css,da6bbac0,Kyle Duong,2026-04-15,17:32:27,-07:00,2026-04-15T17:32:27-07:00,1,16
style.css,38,css,47c14239,Kyle Duong,2026-04-15,17:21:51,-07:00,2026-04-15T17:21:51-07:00,1,25
style.css,39,css,47c14239,Kyle Duong,2026-04-15,17:21:51,-07:00,2026-04-15T17:21:51-07:00,1,25
style.css,40,css,da6bbac0,Kyle Duong,2026-04-15,17:32:27,-07:00,2026-04-15T17:32:27-07:00,1,37
style.css,41,css,b9f0206f,Kyle Duong,2026-04-07,10:38:12,-07:00,2026-04-07T10:38:12-07:00,1,20
style.css,42,css,703c214a,Kyle Duong,2026-04-07,12:41:34,-07:00,2026-04-07T12:41:34-07:00,0,0
style.css,43,css,703c214a,Kyle Duong,2026-04-07,12:41:34,-07:00,2026-04-07T12:41:34-07:00,0,0
style.css,44,css,703c214a,Kyle Duong,2026-04-07,12:41:34,-07:00,2026-04-07T12:41:34-07:00,0,4
style.css,45,css,8f5904ab,Kyle Duong,2026-04-07,12:53:04,-07:00,2026-04-07T12:53:04-07:00,1,33
style.css,46,css,703c214a,Kyle Duong,2026-04-07,12:41:34,-07:00,2026-04-07T12:41:34-07:00,1,32
style.css,47,css,703c214a,Kyle Duong,2026-04-07,12:41:34,-07:00,2026-04-07T12:41:34-07:00,0,0
style.css,48,css,703c214a,Kyle Duong,2026-04-07,12:41:34,-07:00,2026-04-07T12:41:34-07:00,0,0
style.css,49,css,703c214a,Kyle Duong,2026-04-07,12:41:34,-07:00,2026-04-07T12:41:34-07:00,0,11
style.css,50,css,703c214a,Kyle Duong,2026-04-07,12:41:34,-07:00,2026-04-07T12:41:34-07:00,1,45
style.css,51,css,024c5bbe,Kyle Duong,2026-04-15,14:44:49,-07:00,2026-04-15T14:44:49-07:00,1,69
style.css,52,css,6c280acf,Kyle Duong,2026-04-07,12:57:03,-07:00,2026-04-07T12:57:03-07:00,0,0
style.css,53,css,6c280acf,Kyle Duong,2026-04-07,12:57:03,-07:00,2026-04-07T12:57:03-07:00,0,0
style.css,54,css,68d17fd2,Kyle Duong,2026-04-15,14:54:28,-07:00,2026-04-15T14:54:28-07:00,0,18
style.css,55,css,68d17fd2,Kyle Duong,2026-04-15,14:54:28,-07:00,2026-04-15T14:54:28-07:00,1,17
style.css,56,css,dece8a8c,Kyle Duong,2026-04-15,15:01:48,-07:00,2026-04-15T15:01:48-07:00,1,10
style.css,57,css,dece8a8c,Kyle Duong,2026-04-15,15:01:48,-07:00,2026-04-15T15:01:48-07:00,1,12
style.css,58,css,53d6fc42,Kyle Duong,2026-04-15,14:59:53,-07:00,2026-04-15T14:59:53-07:00,1,13
style.css,59,css,68d17fd2,Kyle Duong,2026-04-15,14:54:28,-07:00,2026-04-15T14:54:28-07:00,0,0
style.css,60,css,68d17fd2,Kyle Duong,2026-04-15,14:54:28,-07:00,2026-04-15T14:54:28-07:00,0,0
style.css,61,css,68d17fd2,Kyle Duong,2026-04-15,14:54:28,-07:00,2026-04-15T14:54:28-07:00,0,31
style.css,62,css,6c280acf,Kyle Duong,2026-04-07,12:57:03,-07:00,2026-04-07T12:57:03-07:00,1,12
style.css,63,css,caec1ab2,Kyle Duong,2026-04-07,13:01:15,-07:00,2026-04-07T13:01:15-07:00,0,0
style.css,64,css,caec1ab2,Kyle Duong,2026-04-07,13:01:15,-07:00,2026-04-07T13:01:15-07:00,0,0
style.css,65,css,390b3313,Kyle Duong,2026-04-07,13:10:32,-07:00,2026-04-07T13:10:32-07:00,0,4
style.css,66,css,390b3313,Kyle Duong,2026-04-07,13:10:32,-07:00,2026-04-07T13:10:32-07:00,1,12
style.css,67,css,390b3313,Kyle Duong,2026-04-07,13:10:32,-07:00,2026-04-07T13:10:32-07:00,1,30
style.css,68,css,390b3313,Kyle Duong,2026-04-07,13:10:32,-07:00,2026-04-07T13:10:32-07:00,1,7
style.css,69,css,390b3313,Kyle Duong,2026-04-07,13:10:32,-07:00,2026-04-07T13:10:32-07:00,0,0
style.css,70,css,390b3313,Kyle Duong,2026-04-07,13:10:32,-07:00,2026-04-07T13:10:32-07:00,0,0
style.css,71,css,caec1ab2,Kyle Duong,2026-04-07,13:01:15,-07:00,2026-04-07T13:01:15-07:00,0,5
style.css,72,css,390b3313,Kyle Duong,2026-04-07,13:10:32,-07:00,2026-04-07T13:10:32-07:00,1,12
style.css,73,css,390b3313,Kyle Duong,2026-04-07,13:10:32,-07:00,2026-04-07T13:10:32-07:00,1,29
style.css,74,css,9c575e0f,Kyle Duong,2026-04-07,13:14:09,-07:00,2026-04-07T13:14:09-07:00,1,18
style.css,75,css,caec1ab2,Kyle Duong,2026-04-07,13:01:15,-07:00,2026-04-07T13:01:15-07:00,0,0
style.css,76,css,caec1ab2,Kyle Duong,2026-04-07,13:01:15,-07:00,2026-04-07T13:01:15-07:00,0,0
style.css,77,css,caec1ab2,Kyle Duong,2026-04-07,13:01:15,-07:00,2026-04-07T13:01:15-07:00,0,6
style.css,78,css,390b3313,Kyle Duong,2026-04-07,13:10:32,-07:00,2026-04-07T13:10:32-07:00,1,18
style.css,79,css,d2123794,Kyle Duong,2026-04-07,13:26:13,-07:00,2026-04-07T13:26:13-07:00,0,0
style.css,80,css,d2123794,Kyle Duong,2026-04-07,13:26:13,-07:00,2026-04-07T13:26:13-07:00,0,0
style.css,81,css,d2123794,Kyle Duong,2026-04-07,13:26:13,-07:00,2026-04-07T13:26:13-07:00,0,8
style.css,82,css,d2123794,Kyle Duong,2026-04-07,13:26:13,-07:00,2026-04-07T13:26:13-07:00,1,12
style.css,83,css,d2123794,Kyle Duong,2026-04-07,13:26:13,-07:00,2026-04-07T13:26:13-07:00,1,58
style.css,84,css,691ceb42,Kyle Duong,2026-04-07,13:30:40,-07:00,2026-04-07T13:30:40-07:00,1,7
style.css,85,css,691ceb42,Kyle Duong,2026-04-07,13:30:40,-07:00,2026-04-07T13:30:40-07:00,0,0
style.css,86,css,691ceb42,Kyle Duong,2026-04-07,13:30:40,-07:00,2026-04-07T13:30:40-07:00,0,0
style.css,87,css,691ceb42,Kyle Duong,2026-04-07,13:30:40,-07:00,2026-04-07T13:30:40-07:00,0,17
style.css,88,css,691ceb42,Kyle Duong,2026-04-07,13:30:40,-07:00,2026-04-07T13:30:40-07:00,1,12
style.css,89,css,691ceb42,Kyle Duong,2026-04-07,13:30:40,-07:00,2026-04-07T13:30:40-07:00,1,26
style.css,90,css,691ceb42,Kyle Duong,2026-04-07,13:30:40,-07:00,2026-04-07T13:30:40-07:00,1,15
style.css,91,css,691ceb42,Kyle Duong,2026-04-07,13:30:40,-07:00,2026-04-07T13:30:40-07:00,1,7
style.css,92,css,691ceb42,Kyle Duong,2026-04-07,13:30:40,-07:00,2026-04-07T13:30:40-07:00,0,0
style.css,93,css,691ceb42,Kyle Duong,2026-04-07,13:30:40,-07:00,2026-04-07T13:30:40-07:00,0,0
style.css,94,css,691ceb42,Kyle Duong,2026-04-07,13:30:40,-07:00,2026-04-07T13:30:40-07:00,0,20
style.css,95,css,691ceb42,Kyle Duong,2026-04-07,13:30:40,-07:00,2026-04-07T13:30:40-07:00,1,8
style.css,96,css,b24662a9,Kyle Duong,2026-04-07,13:33:14,-07:00,2026-04-07T13:33:14-07:00,0,0
style.css,97,css,b24662a9,Kyle Duong,2026-04-07,13:33:14,-07:00,2026-04-07T13:33:14-07:00,0,0
style.css,98,css,b24662a9,Kyle Duong,2026-04-07,13:33:14,-07:00,2026-04-07T13:33:14-07:00,0,22
style.css,99,css,b24662a9,Kyle Duong,2026-04-07,13:33:14,-07:00,2026-04-07T13:33:14-07:00,1,15
style.css,100,css,b24662a9,Kyle Duong,2026-04-07,13:33:14,-07:00,2026-04-07T13:33:14-07:00,1,17
style.css,101,css,b24662a9,Kyle Duong,2026-04-07,13:33:14,-07:00,2026-04-07T13:33:14-07:00,1,8
style.css,102,css,b24662a9,Kyle Duong,2026-04-07,13:33:14,-07:00,2026-04-07T13:33:14-07:00,0,0
style.css,103,css,b24662a9,Kyle Duong,2026-04-07,13:33:14,-07:00,2026-04-07T13:33:14-07:00,0,0
style.css,104,css,b24662a9,Kyle Duong,2026-04-07,13:33:14,-07:00,2026-04-07T13:33:14-07:00,0,2
style.css,105,css,a17c80a0,Kyle Duong,2026-04-07,13:56:24,-07:00,2026-04-07T13:56:24-07:00,1,13
style.css,106,css,20b2625b,Kyle Duong,2026-04-07,13:48:42,-07:00,2026-04-07T13:48:42-07:00,0,0
style.css,107,css,20b2625b,Kyle Duong,2026-04-07,13:48:42,-07:00,2026-04-07T13:48:42-07:00,0,0
style.css,108,css,7520f63c,Kyle Duong,2026-04-07,13:52:59,-07:00,2026-04-07T13:52:59-07:00,0,8
style.css,109,css,7520f63c,Kyle Duong,2026-04-07,13:52:59,-07:00,2026-04-07T13:52:59-07:00,1,16
style.css,110,css,9d7651dd,Kyle Duong,2026-04-07,13:56:10,-07:00,2026-04-07T13:56:10-07:00,1,15
style.css,111,css,7520f63c,Kyle Duong,2026-04-07,13:52:59,-07:00,2026-04-07T13:52:59-07:00,0,0
style.css,112,css,7520f63c,Kyle Duong,2026-04-07,13:52:59,-07:00,2026-04-07T13:52:59-07:00,0,0
style.css,113,css,7520f63c,Kyle Duong,2026-04-07,13:52:59,-07:00,2026-04-07T13:52:59-07:00,0,11
style.css,114,css,9d7651dd,Kyle Duong,2026-04-07,13:56:10,-07:00,2026-04-07T13:56:10-07:00,1,15
style.css,115,css,2250308e,Kyle Duong,2026-04-07,14:06:51,-07:00,2026-04-07T14:06:51-07:00,1,14
style.css,116,css,a3eab583,Kyle Duong,2026-04-07,14:05:40,-07:00,2026-04-07T14:05:40-07:00,1,20
style.css,117,css,7520f63c,Kyle Duong,2026-04-07,13:52:59,-07:00,2026-04-07T13:52:59-07:00,1,16
style.css,118,css,20b2625b,Kyle Duong,2026-04-07,13:48:42,-07:00,2026-04-07T13:48:42-07:00,0,0
style.css,119,css,20b2625b,Kyle Duong,2026-04-07,13:48:42,-07:00,2026-04-07T13:48:42-07:00,0,0
style.css,120,css,7520f63c,Kyle Duong,2026-04-07,13:52:59,-07:00,2026-04-07T13:52:59-07:00,0,19
style.css,121,css,7520f63c,Kyle Duong,2026-04-07,13:52:59,-07:00,2026-04-07T13:52:59-07:00,1,14
style.css,122,css,f9751abb,Kyle Duong,2026-04-07,14:00:23,-07:00,2026-04-07T14:00:23-07:00,0,0
style.css,123,css,f9751abb,Kyle Duong,2026-04-07,14:00:23,-07:00,2026-04-07T14:00:23-07:00,0,0
style.css,124,css,f9751abb,Kyle Duong,2026-04-07,14:00:23,-07:00,2026-04-07T14:00:23-07:00,0,13
style.css,125,css,f9751abb,Kyle Duong,2026-04-07,14:00:23,-07:00,2026-04-07T14:00:23-07:00,1,16
style.css,126,css,f9751abb,Kyle Duong,2026-04-07,14:00:23,-07:00,2026-04-07T14:00:23-07:00,1,17
style.css,127,css,f9751abb,Kyle Duong,2026-04-07,14:00:23,-07:00,2026-04-07T14:00:23-07:00,1,15
style.css,128,css,51ce5bd6,Kyle Duong,2026-04-22,21:55:56,-07:00,2026-04-22T21:55:56-07:00,0,0
style.css,129,css,51ce5bd6,Kyle Duong,2026-04-22,21:55:56,-07:00,2026-04-22T21:55:56-07:00,0,0
style.css,130,css,b035a7b0,Kyle Duong,2026-04-22,22:18:48,-07:00,2026-04-22T22:18:48-07:00,0,17
style.css,131,css,b035a7b0,Kyle Duong,2026-04-22,22:18:48,-07:00,2026-04-22T22:18:48-07:00,1,16
style.css,132,css,b035a7b0,Kyle Duong,2026-04-22,22:18:48,-07:00,2026-04-22T22:18:48-07:00,1,10
style.css,133,css,b035a7b0,Kyle Duong,2026-04-22,22:18:48,-07:00,2026-04-22T22:18:48-07:00,0,0
style.css,134,css,b035a7b0,Kyle Duong,2026-04-22,22:18:48,-07:00,2026-04-22T22:18:48-07:00,0,0
style.css,135,css,51ce5bd6,Kyle Duong,2026-04-22,21:55:56,-07:00,2026-04-22T21:55:56-07:00,0,17
style.css,136,css,51ce5bd6,Kyle Duong,2026-04-22,21:55:56,-07:00,2026-04-22T21:55:56-07:00,1,12
style.css,137,css,51ce5bd6,Kyle Duong,2026-04-22,21:55:56,-07:00,2026-04-22T21:55:56-07:00,1,36
style.css,138,css,51ce5bd6,Kyle Duong,2026-04-22,21:55:56,-07:00,2026-04-22T21:55:56-07:00,1,8
style.css,139,css,51ce5bd6,Kyle Duong,2026-04-22,21:55:56,-07:00,2026-04-22T21:55:56-07:00,0,0
style.css,140,css,51ce5bd6,Kyle Duong,2026-04-22,21:55:56,-07:00,2026-04-22T21:55:56-07:00,0,0
style.css,141,css,51ce5bd6,Kyle Duong,2026-04-22,21:55:56,-07:00,2026-04-22T21:55:56-07:00,0,17
style.css,142,css,51ce5bd6,Kyle Duong,2026-04-22,21:55:56,-07:00,2026-04-22T21:55:56-07:00,1,10
style.css,143,css,51ce5bd6,Kyle Duong,2026-04-22,21:55:56,-07:00,2026-04-22T21:55:56-07:00,1,16
style.css,144,css,51ce5bd6,Kyle Duong,2026-04-22,21:55:56,-07:00,2026-04-22T21:55:56-07:00,0,0
style.css,145,css,51ce5bd6,Kyle Duong,2026-04-22,21:55:56,-07:00,2026-04-22T21:55:56-07:00,0,0
style.css,146,css,51ce5bd6,Kyle Duong,2026-04-22,21:55:56,-07:00,2026-04-22T21:55:56-07:00,0,17
style.css,147,css,51ce5bd6,Kyle Duong,2026-04-22,21:55:56,-07:00,2026-04-22T21:55:56-07:00,1,10
style.css,148,css,51ce5bd6,Kyle Duong,2026-04-22,21:55:56,-07:00,2026-04-22T21:55:56-07:00,1,8
style.css,149,css,8cbb2252,Kyle Duong,2026-04-22,22:25:58,-07:00,2026-04-22T22:25:58-07:00,0,0
style.css,150,css,8cbb2252,Kyle Duong,2026-04-22,22:25:58,-07:00,2026-04-22T22:25:58-07:00,0,0
style.css,151,css,8cbb2252,Kyle Duong,2026-04-22,22:25:58,-07:00,2026-04-22T22:25:58-07:00,0,2
style.css,152,css,f936a7be,Kyle Duong,2026-04-22,22:27:21,-07:00,2026-04-22T22:27:21-07:00,1,15
style.css,153,css,8cbb2252,Kyle Duong,2026-04-22,22:25:58,-07:00,2026-04-22T22:25:58-07:00,1,18
style.css,154,css,8cbb2252,Kyle Duong,2026-04-22,22:25:58,-07:00,2026-04-22T22:25:58-07:00,0,0
style.css,155,css,8cbb2252,Kyle Duong,2026-04-22,22:25:58,-07:00,2026-04-22T22:25:58-07:00,0,0
style.css,156,css,8cbb2252,Kyle Duong,2026-04-22,22:25:58,-07:00,2026-04-22T22:25:58-07:00,0,14
style.css,157,css,8cbb2252,Kyle Duong,2026-04-22,22:25:58,-07:00,2026-04-22T22:25:58-07:00,1,12
style.css,158,css,8cbb2252,Kyle Duong,2026-04-22,22:25:58,-07:00,2026-04-22T22:25:58-07:00,1,22
style.css,159,css,8cbb2252,Kyle Duong,2026-04-22,22:25:58,-07:00,2026-04-22T22:25:58-07:00,1,15
style.css,160,css,930b95ad,Kyle Duong,2026-04-28,12:45:14,-07:00,2026-04-28T12:45:14-07:00,0,0
style.css,161,css,930b95ad,Kyle Duong,2026-04-28,12:45:14,-07:00,2026-04-28T12:45:14-07:00,0,0
style.css,162,css,930b95ad,Kyle Duong,2026-04-28,12:45:14,-07:00,2026-04-28T12:45:14-07:00,0,13
style.css,163,css,930b95ad,Kyle Duong,2026-04-28,12:45:14,-07:00,2026-04-28T12:45:14-07:00,1,30
style.css,164,css,930b95ad,Kyle Duong,2026-04-28,12:45:14,-07:00,2026-04-28T12:45:14-07:00,1,34
style.css,165,css,2daaee1a,Kyle Duong,2026-04-28,12:54:11,-07:00,2026-04-28T12:54:11-07:00,0,0
style.css,166,css,2daaee1a,Kyle Duong,2026-04-28,12:54:11,-07:00,2026-04-28T12:54:11-07:00,0,0
style.css,167,css,2daaee1a,Kyle Duong,2026-04-28,12:54:11,-07:00,2026-04-28T12:54:11-07:00,0,18
style.css,168,css,2daaee1a,Kyle Duong,2026-04-28,12:54:11,-07:00,2026-04-28T12:54:11-07:00,1,14
style.css,169,css,2daaee1a,Kyle Duong,2026-04-28,12:54:11,-07:00,2026-04-28T12:54:11-07:00,1,16
style.css,170,css,2daaee1a,Kyle Duong,2026-04-28,12:54:11,-07:00,2026-04-28T12:54:11-07:00,1,16
style.css,171,css,9956a888,Kyle Duong,2026-04-28,13:17:04,-07:00,2026-04-28T13:17:04-07:00,0,0
style.css,172,css,9956a888,Kyle Duong,2026-04-28,13:17:04,-07:00,2026-04-28T13:17:04-07:00,0,0
style.css,173,css,9956a888,Kyle Duong,2026-04-28,13:17:04,-07:00,2026-04-28T13:17:04-07:00,0,7
style.css,174,css,9956a888,Kyle Duong,2026-04-28,13:17:04,-07:00,2026-04-28T13:17:04-07:00,1,12
style.css,175,css,9956a888,Kyle Duong,2026-04-28,13:17:04,-07:00,2026-04-28T13:17:04-07:00,1,57
style.css,176,css,9956a888,Kyle Duong,2026-04-28,13:17:04,-07:00,2026-04-28T13:17:04-07:00,1,13
style.css,177,css,9956a888,Kyle Duong,2026-04-28,13:17:04,-07:00,2026-04-28T13:17:04-07:00,1,12
style.css,178,css,9956a888,Kyle Duong,2026-04-28,13:17:04,-07:00,2026-04-28T13:17:04-07:00,1,11
style.css,179,css,9956a888,Kyle Duong,2026-04-28,13:17:04,-07:00,2026-04-28T13:17:04-07:00,1,21
style.css,180,css,9956a888,Kyle Duong,2026-04-28,13:17:04,-07:00,2026-04-28T13:17:04-07:00,1,6
style.css,181,css,9956a888,Kyle Duong,2026-04-28,13:17:04,-07:00,2026-04-28T13:17:04-07:00,0,0
style.css,182,css,9956a888,Kyle Duong,2026-04-28,13:17:04,-07:00,2026-04-28T13:17:04-07:00,0,0
style.css,183,css,9956a888,Kyle Duong,2026-04-28,13:17:04,-07:00,2026-04-28T13:17:04-07:00,0,12
style.css,184,css,9956a888,Kyle Duong,2026-04-28,13:17:04,-07:00,2026-04-28T13:17:04-07:00,1,12
style.css,185,css,9956a888,Kyle Duong,2026-04-28,13:17:04,-07:00,2026-04-28T13:17:04-07:00,1,18
style.css,186,css,9956a888,Kyle Duong,2026-04-28,13:17:04,-07:00,2026-04-28T13:17:04-07:00,1,9
style.css,187,css,9956a888,Kyle Duong,2026-04-28,13:17:04,-07:00,2026-04-28T13:17:04-07:00,1,18
style.css,188,css,9956a888,Kyle Duong,2026-04-28,13:17:04,-07:00,2026-04-28T13:17:04-07:00,0,0
style.css,189,css,9956a888,Kyle Duong,2026-04-28,13:17:04,-07:00,2026-04-28T13:17:04-07:00,0,0
style.css,190,css,9956a888,Kyle Duong,2026-04-28,13:17:04,-07:00,2026-04-28T13:17:04-07:00,0,7
style.css,191,css,9956a888,Kyle Duong,2026-04-28,13:17:04,-07:00,2026-04-28T13:17:04-07:00,1,9
style.css,192,css,9956a888,Kyle Duong,2026-04-28,13:17:04,-07:00,2026-04-28T13:17:04-07:00,1,18
style.css,193,css,9956a888,Kyle Duong,2026-04-28,13:17:04,-07:00,2026-04-28T13:17:04-07:00,1,23
style.css,194,css,9956a888,Kyle Duong,2026-04-28,13:17:04,-07:00,2026-04-28T13:17:04-07:00,1,20
style.css,195,css,9956a888,Kyle Duong,2026-04-28,13:17:04,-07:00,2026-04-28T13:17:04-07:00,1,17
style.css,196,css,9956a888,Kyle Duong,2026-04-28,13:17:04,-07:00,2026-04-28T13:17:04-07:00,0,0
style.css,197,css,9956a888,Kyle Duong,2026-04-28,13:17:04,-07:00,2026-04-28T13:17:04-07:00,0,0
style.css,198,css,9956a888,Kyle Duong,2026-04-28,13:17:04,-07:00,2026-04-28T13:17:04-07:00,0,10
style.css,199,css,9956a888,Kyle Duong,2026-04-28,13:17:04,-07:00,2026-04-28T13:17:04-07:00,1,12
style.css,200,css,9956a888,Kyle Duong,2026-04-28,13:17:04,-07:00,2026-04-28T13:17:04-07:00,1,18
style.css,201,css,9956a888,Kyle Duong,2026-04-28,13:17:04,-07:00,2026-04-28T13:17:04-07:00,1,8
style.css,202,css,8dd9fe5e,Kyle Duong,2026-04-28,17:15:51,-07:00,2026-04-28T17:15:51-07:00,0,0
style.css,203,css,8dd9fe5e,Kyle Duong,2026-04-28,17:15:51,-07:00,2026-04-28T17:15:51-07:00,0,0
style.css,204,css,8dd9fe5e,Kyle Duong,2026-04-28,17:15:51,-07:00,2026-04-28T17:15:51-07:00,0,10
style.css,205,css,8dd9fe5e,Kyle Duong,2026-04-28,17:15:51,-07:00,2026-04-28T17:15:51-07:00,1,13
style.css,206,css,8dd9fe5e,Kyle Duong,2026-04-28,17:15:51,-07:00,2026-04-28T17:15:51-07:00,1,18
style.css,207,css,8dd9fe5e,Kyle Duong,2026-04-28,17:15:51,-07:00,2026-04-28T17:15:51-07:00,1,19
style.css,208,css,8dd9fe5e,Kyle Duong,2026-04-28,17:15:51,-07:00,2026-04-28T17:15:51-07:00,1,21
style.css,209,css,8dd9fe5e,Kyle Duong,2026-04-28,17:15:51,-07:00,2026-04-28T17:15:51-07:00,1,42
style.css,210,css,8dd9fe5e,Kyle Duong,2026-04-28,17:15:51,-07:00,2026-04-28T17:15:51-07:00,1,20
style.css,211,css,8dd9fe5e,Kyle Duong,2026-04-28,17:15:51,-07:00,2026-04-28T17:15:51-07:00,1,12
style.css,212,css,8dd9fe5e,Kyle Duong,2026-04-28,17:15:51,-07:00,2026-04-28T17:15:51-07:00,1,39
style.css,213,css,8dd9fe5e,Kyle Duong,2026-04-28,17:15:51,-07:00,2026-04-28T17:15:51-07:00,0,0
style.css,214,css,8dd9fe5e,Kyle Duong,2026-04-28,17:15:51,-07:00,2026-04-28T17:15:51-07:00,0,0
style.css,215,css,8dd9fe5e,Kyle Duong,2026-04-28,17:15:51,-07:00,2026-04-28T17:15:51-07:00,0,17
style.css,216,css,8dd9fe5e,Kyle Duong,2026-04-28,17:15:51,-07:00,2026-04-28T17:15:51-07:00,1,16
style.css,217,css,8dd9fe5e,Kyle Duong,2026-04-28,17:15:51,-07:00,2026-04-28T17:15:51-07:00,2,11
style.css,218,css,8dd9fe5e,Kyle Duong,2026-04-28,17:15:51,-07:00,2026-04-28T17:15:51-07:00,1,0
style.css,219,css,8dd9fe5e,Kyle Duong,2026-04-28,17:15:51,-07:00,2026-04-28T17:15:51-07:00,0,0
style.css,220,css,8dd9fe5e,Kyle Duong,2026-04-28,17:15:51,-07:00,2026-04-28T17:15:51-07:00,0,0
style.css,221,css,8dd9fe5e,Kyle Duong,2026-04-28,17:15:51,-07:00,2026-04-28T17:15:51-07:00,0,4
style.css,222,css,8dd9fe5e,Kyle Duong,2026-04-28,17:15:51,-07:00,2026-04-28T17:15:51-07:00,1,16
style.css,223,css,8dd9fe5e,Kyle Duong,2026-04-28,17:15:51,-07:00,2026-04-28T17:15:51-07:00,0,0
style.css,224,css,8dd9fe5e,Kyle Duong,2026-04-28,17:15:51,-07:00,2026-04-28T17:15:51-07:00,0,0
style.css,225,css,8dd9fe5e,Kyle Duong,2026-04-28,17:15:51,-07:00,2026-04-28T17:15:51-07:00,0,9
style.css,226,css,8dd9fe5e,Kyle Duong,2026-04-28,17:15:51,-07:00,2026-04-28T17:15:51-07:00,1,35
style.css,227,css,8dd9fe5e,Kyle Duong,2026-04-28,17:15:51,-07:00,2026-04-28T17:15:51-07:00,0,0
style.css,228,css,8dd9fe5e,Kyle Duong,2026-04-28,17:15:51,-07:00,2026-04-28T17:15:51-07:00,1,10
style.css,229,css,8dd9fe5e,Kyle Duong,2026-04-28,17:15:51,-07:00,2026-04-28T17:15:51-07:00,2,17
style.css,230,css,8dd9fe5e,Kyle Duong,2026-04-28,17:15:51,-07:00,2026-04-28T17:15:51-07:00,1,0
style.css,231,css,8dd9fe5e,Kyle Duong,2026-04-28,17:15:51,-07:00,2026-04-28T17:15:51-07:00,0,0
style.css,232,css,8dd9fe5e,Kyle Duong,2026-04-28,17:15:51,-07:00,2026-04-28T17:15:51-07:00,0,0
style.css,233,css,8dd9fe5e,Kyle Duong,2026-04-28,17:15:51,-07:00,2026-04-28T17:15:51-07:00,0,4
style.css,234,css,8dd9fe5e,Kyle Duong,2026-04-28,17:15:51,-07:00,2026-04-28T17:15:51-07:00,1,14
style.css,235,css,8dd9fe5e,Kyle Duong,2026-04-28,17:15:51,-07:00,2026-04-28T17:15:51-07:00,0,0
style.css,236,css,8dd9fe5e,Kyle Duong,2026-04-28,17:15:51,-07:00,2026-04-28T17:15:51-07:00,0,0
style.css,237,css,8dd9fe5e,Kyle Duong,2026-04-28,17:15:51,-07:00,2026-04-28T17:15:51-07:00,0,10
style.css,238,css,8dd9fe5e,Kyle Duong,2026-04-28,17:15:51,-07:00,2026-04-28T17:15:51-07:00,1,20
style.css,239,css,8dd9fe5e,Kyle Duong,2026-04-28,17:15:51,-07:00,2026-04-28T17:15:51-07:00,0,0
style.css,240,css,c0e40f47,Kyle Duong,2026-05-07,22:36:51,-07:00,2026-05-07T22:36:51-07:00,0,0
style.css,241,css,c0e40f47,Kyle Duong,2026-05-07,22:36:51,-07:00,2026-05-07T22:36:51-07:00,0,6
style.css,242,css,c0e40f47,Kyle Duong,2026-05-07,22:36:51,-07:00,2026-05-07T22:36:51-07:00,1,12
style.css,243,css,79a45f75,Kyle Duong,2026-05-07,22:42:33,-07:00,2026-05-07T22:42:33-07:00,1,58
style.css,244,css,79a45f75,Kyle Duong,2026-05-07,22:42:33,-07:00,2026-05-07T22:42:33-07:00,1,8
style.css,245,css,79a45f75,Kyle Duong,2026-05-07,22:42:33,-07:00,2026-05-07T22:42:33-07:00,1,17
style.css,246,css,79a45f75,Kyle Duong,2026-05-07,22:42:33,-07:00,2026-05-07T22:42:33-07:00,0,0
style.css,247,css,79a45f75,Kyle Duong,2026-05-07,22:42:33,-07:00,2026-05-07T22:42:33-07:00,0,0
style.css,248,css,79a45f75,Kyle Duong,2026-05-07,22:42:33,-07:00,2026-05-07T22:42:33-07:00,0,9
style.css,249,css,79a45f75,Kyle Duong,2026-05-07,22:42:33,-07:00,2026-05-07T22:42:33-07:00,0,8
style.css,250,css,79a45f75,Kyle Duong,2026-05-07,22:42:33,-07:00,2026-05-07T22:42:33-07:00,0,9
style.css,251,css,79a45f75,Kyle Duong,2026-05-07,22:42:33,-07:00,2026-05-07T22:42:33-07:00,1,8
style.css,252,css,c0e40f47,Kyle Duong,2026-05-07,22:36:51,-07:00,2026-05-07T22:36:51-07:00,0,0
style.css,253,css,c0e40f47,Kyle Duong,2026-05-07,22:36:51,-07:00,2026-05-07T22:36:51-07:00,0,0
style.css,254,css,c0e40f47,Kyle Duong,2026-05-07,22:36:51,-07:00,2026-05-07T22:36:51-07:00,0,9
style.css,255,css,79a45f75,Kyle Duong,2026-05-07,22:42:33,-07:00,2026-05-07T22:42:33-07:00,1,49
style.css,256,css,79a45f75,Kyle Duong,2026-05-07,22:42:33,-07:00,2026-05-07T22:42:33-07:00,1,16
style.css,257,css,79a45f75,Kyle Duong,2026-05-07,22:42:33,-07:00,2026-05-07T22:42:33-07:00,1,15
style.css,258,css,79a45f75,Kyle Duong,2026-05-07,22:42:33,-07:00,2026-05-07T22:42:33-07:00,1,24
style.css,259,css,79a45f75,Kyle Duong,2026-05-07,22:42:33,-07:00,2026-05-07T22:42:33-07:00,1,21
style.css,260,css,c0e40f47,Kyle Duong,2026-05-07,22:36:51,-07:00,2026-05-07T22:36:51-07:00,0,0
style.css,261,css,c0e40f47,Kyle Duong,2026-05-07,22:36:51,-07:00,2026-05-07T22:36:51-07:00,0,0
style.css,262,css,c0e40f47,Kyle Duong,2026-05-07,22:36:51,-07:00,2026-05-07T22:36:51-07:00,0,9
style.css,263,css,79a45f75,Kyle Duong,2026-05-07,22:42:33,-07:00,2026-05-07T22:42:33-07:00,1,16
style.css,264,css,79a45f75,Kyle Duong,2026-05-07,22:42:33,-07:00,2026-05-07T22:42:33-07:00,1,15
style.css,265,css,79a45f75,Kyle Duong,2026-05-07,22:42:33,-07:00,2026-05-07T22:42:33-07:00,1,13
style.css,266,css,79a45f75,Kyle Duong,2026-05-07,22:42:33,-07:00,2026-05-07T22:42:33-07:00,1,17
style.css,267,css,90b0471e,Kyle Duong,2026-05-07,22:59:54,-07:00,2026-05-07T22:59:54-07:00,0,0
style.css,268,css,90b0471e,Kyle Duong,2026-05-07,22:59:54,-07:00,2026-05-07T22:59:54-07:00,0,0
style.css,269,css,90b0471e,Kyle Duong,2026-05-07,22:59:54,-07:00,2026-05-07T22:59:54-07:00,0,15
style.css,270,css,90b0471e,Kyle Duong,2026-05-07,22:59:54,-07:00,2026-05-07T22:59:54-07:00,1,19
style.css,271,css,90b0471e,Kyle Duong,2026-05-07,22:59:54,-07:00,2026-05-07T22:59:54-07:00,1,19
style.css,272,css,90b0471e,Kyle Duong,2026-05-07,22:59:54,-07:00,2026-05-07T22:59:54-07:00,0,0
style.css,273,css,90b0471e,Kyle Duong,2026-05-07,22:59:54,-07:00,2026-05-07T22:59:54-07:00,0,0
style.css,274,css,90b0471e,Kyle Duong,2026-05-07,22:59:54,-07:00,2026-05-07T22:59:54-07:00,0,15
style.css,275,css,90b0471e,Kyle Duong,2026-05-07,22:59:54,-07:00,2026-05-07T22:59:54-07:00,1,12
style.css,276,css,0dec3912,Kyle Duong,2026-05-07,23:14:15,-07:00,2026-05-07T23:14:15-07:00,0,0
style.css,277,css,0dec3912,Kyle Duong,2026-05-07,23:14:15,-07:00,2026-05-07T23:14:15-07:00,0,0
style.css,278,css,0dec3912,Kyle Duong,2026-05-07,23:14:15,-07:00,2026-05-07T23:14:15-07:00,0,7
style.css,279,css,0dec3912,Kyle Duong,2026-05-07,23:14:15,-07:00,2026-05-07T23:14:15-07:00,1,12
style.css,280,css,0dec3912,Kyle Duong,2026-05-07,23:14:15,-07:00,2026-05-07T23:14:15-07:00,1,30
style.css,281,css,c7705032,Kyle Duong,2026-05-07,23:20:42,-07:00,2026-05-07T23:20:42-07:00,1,19
style.css,282,css,0dec3912,Kyle Duong,2026-05-07,23:14:15,-07:00,2026-05-07T23:14:15-07:00,1,8
style.css,283,css,c7705032,Kyle Duong,2026-05-07,23:20:42,-07:00,2026-05-07T23:20:42-07:00,1,25
style.css,284,css,c7705032,Kyle Duong,2026-05-07,23:20:42,-07:00,2026-05-07T23:20:42-07:00,1,39
style.css,285,css,c7705032,Kyle Duong,2026-05-07,23:20:42,-07:00,2026-05-07T23:20:42-07:00,0,0
style.css,286,css,c7705032,Kyle Duong,2026-05-07,23:20:42,-07:00,2026-05-07T23:20:42-07:00,0,0
style.css,287,css,c7705032,Kyle Duong,2026-05-07,23:20:42,-07:00,2026-05-07T23:20:42-07:00,0,42
style.css,288,css,c7705032,Kyle Duong,2026-05-07,23:20:42,-07:00,2026-05-07T23:20:42-07:00,1,9
style.css,289,css,c7705032,Kyle Duong,2026-05-07,23:20:42,-07:00,2026-05-07T23:20:42-07:00,1,17
style.css,290,css,0dec3912,Kyle Duong,2026-05-07,23:14:15,-07:00,2026-05-07T23:14:15-07:00,0,0
style.css,291,css,0dec3912,Kyle Duong,2026-05-07,23:14:15,-07:00,2026-05-07T23:14:15-07:00,0,0
style.css,292,css,0dec3912,Kyle Duong,2026-05-07,23:14:15,-07:00,2026-05-07T23:14:15-07:00,0,10
style.css,293,css,0dec3912,Kyle Duong,2026-05-07,23:14:15,-07:00,2026-05-07T23:14:15-07:00,1,49
style.css,294,css,0dec3912,Kyle Duong,2026-05-07,23:14:15,-07:00,2026-05-07T23:14:15-07:00,1,15
style.css,295,css,0dec3912,Kyle Duong,2026-05-07,23:14:15,-07:00,2026-05-07T23:14:15-07:00,0,0
style.css,296,css,0dec3912,Kyle Duong,2026-05-07,23:14:15,-07:00,2026-05-07T23:14:15-07:00,0,0
style.css,297,css,0dec3912,Kyle Duong,2026-05-07,23:14:15,-07:00,2026-05-07T23:14:15-07:00,0,10
style.css,298,css,0dec3912,Kyle Duong,2026-05-07,23:14:15,-07:00,2026-05-07T23:14:15-07:00,1,8
style.css,299,css,0dec3912,Kyle Duong,2026-05-07,23:14:15,-07:00,2026-05-07T23:14:15-07:00,0,0
style.css,300,css,0dec3912,Kyle Duong,2026-05-07,23:14:15,-07:00,2026-05-07T23:14:15-07:00,0,0
style.css,301,css,0dec3912,Kyle Duong,2026-05-07,23:14:15,-07:00,2026-05-07T23:14:15-07:00,0,8
style.css,302,css,0dec3912,Kyle Duong,2026-05-07,23:14:15,-07:00,2026-05-07T23:14:15-07:00,1,14
style.css,303,css,0dec3912,Kyle Duong,2026-05-07,23:14:15,-07:00,2026-05-07T23:14:15-07:00,1,7
style.css,304,css,0dec3912,Kyle Duong,2026-05-07,23:14:15,-07:00,2026-05-07T23:14:15-07:00,1,8
style.css,305,css,0dec3912,Kyle Duong,2026-05-07,23:14:15,-07:00,2026-05-07T23:14:15-07:00,1,10
style.css,306,css,c7705032,Kyle Duong,2026-05-07,23:20:42,-07:00,2026-05-07T23:20:42-07:00,1,12
style.css,307,css,c7705032,Kyle Duong,2026-05-07,23:20:42,-07:00,2026-05-07T23:20:42-07:00,1,61
style.css,308,css,c7705032,Kyle Duong,2026-05-07,23:20:42,-07:00,2026-05-07T23:20:42-07:00,1,60
style.css,309,css,c7705032,Kyle Duong,2026-05-07,23:20:42,-07:00,2026-05-07T23:20:42-07:00,1,21
style.css,310,css,c7705032,Kyle Duong,2026-05-07,23:20:42,-07:00,2026-05-07T23:20:42-07:00,1,75
style.css,311,css,c7705032,Kyle Duong,2026-05-07,23:20:42,-07:00,2026-05-07T23:20:42-07:00,1,28
style.css,312,css,0dec3912,Kyle Duong,2026-05-07,23:14:15,-07:00,2026-05-07T23:14:15-07:00,0,0
style.css,313,css,0dec3912,Kyle Duong,2026-05-07,23:14:15,-07:00,2026-05-07T23:14:15-07:00,0,0
style.css,314,css,0dec3912,Kyle Duong,2026-05-07,23:14:15,-07:00,2026-05-07T23:14:15-07:00,0,6
style.css,315,css,0dec3912,Kyle Duong,2026-05-07,23:14:15,-07:00,2026-05-07T23:14:15-07:00,1,16
style.css,316,css,0dec3912,Kyle Duong,2026-05-07,23:14:15,-07:00,2026-05-07T23:14:15-07:00,1,23
style.css,317,css,0dec3912,Kyle Duong,2026-05-07,23:14:15,-07:00,2026-05-07T23:14:15-07:00,1,22
style.css,318,css,0dec3912,Kyle Duong,2026-05-07,23:14:15,-07:00,2026-05-07T23:14:15-07:00,0,0
style.css,319,css,0dec3912,Kyle Duong,2026-05-07,23:14:15,-07:00,2026-05-07T23:14:15-07:00,0,0
style.css,320,css,0dec3912,Kyle Duong,2026-05-07,23:14:15,-07:00,2026-05-07T23:14:15-07:00,0,12
style.css,321,css,0dec3912,Kyle Duong,2026-05-07,23:14:15,-07:00,2026-05-07T23:14:15-07:00,1,20
style.css,322,css,46f2f883,Kyle Duong,2026-05-07,23:40:29,-07:00,2026-05-07T23:40:29-07:00,0,0
style.css,323,css,46f2f883,Kyle Duong,2026-05-07,23:40:29,-07:00,2026-05-07T23:40:29-07:00,0,0
style.css,324,css,46f2f883,Kyle Duong,2026-05-07,23:40:29,-07:00,2026-05-07T23:40:29-07:00,0,24
style.css,325,css,46f2f883,Kyle Duong,2026-05-07,23:40:29,-07:00,2026-05-07T23:40:29-07:00,1,2
style.css,326,css,46f2f883,Kyle Duong,2026-05-07,23:40:29,-07:00,2026-05-07T23:40:29-07:00,2,20
style.css,327,css,46f2f883,Kyle Duong,2026-05-07,23:40:29,-07:00,2026-05-07T23:40:29-07:00,1,0
style.css,328,css,46f2f883,Kyle Duong,2026-05-07,23:40:29,-07:00,2026-05-07T23:40:29-07:00,0,0
style.css,329,css,46f2f883,Kyle Duong,2026-05-07,23:40:29,-07:00,2026-05-07T23:40:29-07:00,0,0
style.css,330,css,46f2f883,Kyle Duong,2026-05-07,23:40:29,-07:00,2026-05-07T23:40:29-07:00,0,10
style.css,331,css,46f2f883,Kyle Duong,2026-05-07,23:40:29,-07:00,2026-05-07T23:40:29-07:00,1,16
style.css,332,css,46f2f883,Kyle Duong,2026-05-07,23:40:29,-07:00,2026-05-07T23:40:29-07:00,1,19
style.css,333,css,46f2f883,Kyle Duong,2026-05-07,23:40:29,-07:00,2026-05-07T23:40:29-07:00,1,18
style.css,334,css,46f2f883,Kyle Duong,2026-05-07,23:40:29,-07:00,2026-05-07T23:40:29-07:00,1,20
style.css,335,css,46f2f883,Kyle Duong,2026-05-07,23:40:29,-07:00,2026-05-07T23:40:29-07:00,1,42
style.css,336,css,a55816e7,Kyle Duong,2026-05-07,23:49:47,-07:00,2026-05-07T23:49:47-07:00,0,0
style.css,337,css,a55816e7,Kyle Duong,2026-05-07,23:49:47,-07:00,2026-05-07T23:49:47-07:00,0,0
style.css,338,css,a55816e7,Kyle Duong,2026-05-07,23:49:47,-07:00,2026-05-07T23:49:47-07:00,0,15
style.css,339,css,a55816e7,Kyle Duong,2026-05-07,23:49:47,-07:00,2026-05-07T23:49:47-07:00,1,12
style.css,340,css,c0e40f47,Kyle Duong,2026-05-07,22:36:51,-07:00,2026-05-07T22:36:51-07:00,0,0
index.js,1,js,28afb006,Kyle Duong,2026-04-22,21:50:32,-07:00,2026-04-22T21:50:32-07:00,0,71
index.js,2,js,13e8bd5a,Kyle Duong,2026-04-22,21:28:44,-07:00,2026-04-22T21:28:44-07:00,0,54
index.js,3,js,13e8bd5a,Kyle Duong,2026-04-22,21:28:44,-07:00,2026-04-22T21:28:44-07:00,0,42
index.js,4,js,13e8bd5a,Kyle Duong,2026-04-22,21:28:44,-07:00,2026-04-22T21:28:44-07:00,0,0
index.js,5,js,13e8bd5a,Kyle Duong,2026-04-22,21:28:44,-07:00,2026-04-22T21:28:44-07:00,0,60
index.js,6,js,1396acbb,Kyle Duong,2026-04-22,21:48:46,-07:00,2026-04-22T21:48:46-07:00,0,54
index.js,7,js,1396acbb,Kyle Duong,2026-04-22,21:48:46,-07:00,2026-04-22T21:48:46-07:00,0,53
index.js,8,js,1396acbb,Kyle Duong,2026-04-22,21:48:46,-07:00,2026-04-22T21:48:46-07:00,0,0
index.js,9,js,1396acbb,Kyle Duong,2026-04-22,21:48:46,-07:00,2026-04-22T21:48:46-07:00,0,60
index.js,10,js,1396acbb,Kyle Duong,2026-04-22,21:48:46,-07:00,2026-04-22T21:48:46-07:00,0,17
index.js,11,js,1396acbb,Kyle Duong,2026-04-22,21:48:46,-07:00,2026-04-22T21:48:46-07:00,1,24
index.js,12,js,1396acbb,Kyle Duong,2026-04-22,21:48:46,-07:00,2026-04-22T21:48:46-07:00,4,2
index.js,13,js,1396acbb,Kyle Duong,2026-04-22,21:48:46,-07:00,2026-04-22T21:48:46-07:00,5,55
index.js,14,js,1396acbb,Kyle Duong,2026-04-22,21:48:46,-07:00,2026-04-22T21:48:46-07:00,5,55
index.js,15,js,1396acbb,Kyle Duong,2026-04-22,21:48:46,-07:00,2026-04-22T21:48:46-07:00,5,49
index.js,16,js,1396acbb,Kyle Duong,2026-04-22,21:48:46,-07:00,2026-04-22T21:48:46-07:00,5,49
index.js,17,js,1396acbb,Kyle Duong,2026-04-22,21:48:46,-07:00,2026-04-22T21:48:46-07:00,4,3
index.js,18,js,1396acbb,Kyle Duong,2026-04-22,21:48:46,-07:00,2026-04-22T21:48:46-07:00,2,0
index.js,19,js,28afb006,Kyle Duong,2026-04-22,21:50:32,-07:00,2026-04-22T21:50:32-07:00,0,0
index.html,1,html,b9929a4b,Kyle Duong,2026-04-01,14:11:33,-07:00,2026-04-01T14:11:33-07:00,0,13
index.html,2,html,b9929a4b,Kyle Duong,2026-04-01,14:11:33,-07:00,2026-04-01T14:11:33-07:00,0,14
index.html,3,html,b9929a4b,Kyle Duong,2026-04-01,14:11:33,-07:00,2026-04-01T14:11:33-07:00,0,4
index.html,4,html,b9929a4b,Kyle Duong,2026-04-01,14:11:33,-07:00,2026-04-01T14:11:33-07:00,2,20
index.html,5,html,b9929a4b,Kyle Duong,2026-04-01,14:11:33,-07:00,2026-04-01T14:11:33-07:00,2,68
index.html,6,html,b9929a4b,Kyle Duong,2026-04-01,14:11:33,-07:00,2026-04-01T14:11:33-07:00,2,52
index.html,7,html,7f15fdb0,Kyle Duong,2026-04-01,14:32:26,-07:00,2026-04-01T14:32:26-07:00,2,38
index.html,8,html,b9929a4b,Kyle Duong,2026-04-01,14:11:33,-07:00,2026-04-01T14:11:33-07:00,0,5
index.html,9,html,b9929a4b,Kyle Duong,2026-04-01,14:11:33,-07:00,2026-04-01T14:11:33-07:00,0,4
index.html,10,html,b9929a4b,Kyle Duong,2026-04-01,14:11:33,-07:00,2026-04-01T14:11:33-07:00,2,17
index.html,11,html,14cbeca4,Kyle Duong,2026-04-07,10:21:19,-07:00,2026-04-07T10:21:19-07:00,2,202
index.html,12,html,df676deb,Kyle Duong,2026-04-01,14:28:24,-07:00,2026-04-01T14:28:24-07:00,0,0
index.html,13,html,df676deb,Kyle Duong,2026-04-01,14:28:24,-07:00,2026-04-01T14:28:24-07:00,2,62
index.html,14,html,f1c9e1c3,Kyle Duong,2026-04-15,13:30:54,-07:00,2026-04-15T13:30:54-07:00,0,0
index.html,15,html,ea03321d,Kyle Duong,2026-04-22,22:29:22,-07:00,2026-04-22T22:29:22-07:00,2,23
index.html,16,html,13e8bd5a,Kyle Duong,2026-04-22,21:28:44,-07:00,2026-04-22T21:28:44-07:00,2,26
index.html,17,html,13e8bd5a,Kyle Duong,2026-04-22,21:28:44,-07:00,2026-04-22T21:28:44-07:00,0,0
index.html,18,html,ea03321d,Kyle Duong,2026-04-22,22:29:22,-07:00,2026-04-22T22:29:22-07:00,2,23
index.html,19,html,1396acbb,Kyle Duong,2026-04-22,21:48:46,-07:00,2026-04-22T21:48:46-07:00,2,28
index.html,20,html,1396acbb,Kyle Duong,2026-04-22,21:48:46,-07:00,2026-04-22T21:48:46-07:00,0,0
index.html,21,html,f1c9e1c3,Kyle Duong,2026-04-15,13:30:54,-07:00,2026-04-15T13:30:54-07:00,2,45
index.html,22,html,1893892a,Kyle Duong,2026-04-22,21:35:11,-07:00,2026-04-22T21:35:11-07:00,2,50
index.html,23,html,b9929a4b,Kyle Duong,2026-04-01,14:11:33,-07:00,2026-04-01T14:11:33-07:00,0,5
index.html,24,html,b9929a4b,Kyle Duong,2026-04-01,14:11:33,-07:00,2026-04-01T14:11:33-07:00,0,5
global.js,1,js,f1c9e1c3,Kyle Duong,2026-04-15,13:30:54,-07:00,2026-04-15T13:30:54-07:00,0,25
global.js,2,js,f1c9e1c3,Kyle Duong,2026-04-15,13:30:54,-07:00,2026-04-15T13:30:54-07:00,0,0
global.js,3,js,f1c9e1c3,Kyle Duong,2026-04-15,13:30:54,-07:00,2026-04-15T13:30:54-07:00,0,41
global.js,4,js,f1c9e1c3,Kyle Duong,2026-04-15,13:30:54,-07:00,2026-04-15T13:30:54-07:00,1,52
global.js,5,js,a900af96,Kyle Duong,2026-04-15,13:39:41,-07:00,2026-04-15T13:39:41-07:00,0,0
global.js,6,js,a900af96,Kyle Duong,2026-04-15,13:39:41,-07:00,2026-04-15T13:39:41-07:00,0,0
global.js,7,js,cdff8d00,Kyle Duong,2026-04-15,13:58:33,-07:00,2026-04-15T13:58:33-07:00,0,88
global.js,8,js,cdff8d00,Kyle Duong,2026-04-15,13:58:33,-07:00,2026-04-15T13:58:33-07:00,1,36
global.js,9,js,9ba6bffe,Kyle Duong,2026-04-15,13:59:47,-07:00,2026-04-15T13:59:47-07:00,1,48
global.js,10,js,cdff8d00,Kyle Duong,2026-04-15,13:58:33,-07:00,2026-04-15T13:58:33-07:00,0,0
global.js,11,js,95019707,Kyle Duong,2026-04-15,13:51:18,-07:00,2026-04-15T13:51:18-07:00,0,11
global.js,12,js,95019707,Kyle Duong,2026-04-15,13:51:18,-07:00,2026-04-15T13:51:18-07:00,1,35
global.js,13,js,95019707,Kyle Duong,2026-04-15,13:51:18,-07:00,2026-04-15T13:51:18-07:00,1,48
global.js,14,js,95019707,Kyle Duong,2026-04-15,13:51:18,-07:00,2026-04-15T13:51:18-07:00,1,46
global.js,15,js,95019707,Kyle Duong,2026-04-15,13:51:18,-07:00,2026-04-15T13:51:18-07:00,1,47
global.js,16,js,4bb554d7,Kyle Duong,2026-05-07,22:21:39,-07:00,2026-05-07T22:21:39-07:00,1,40
global.js,17,js,95019707,Kyle Duong,2026-04-15,13:51:18,-07:00,2026-04-15T13:51:18-07:00,1,54
global.js,18,js,95019707,Kyle Duong,2026-04-15,13:51:18,-07:00,2026-04-15T13:51:18-07:00,0,0
global.js,19,js,a900af96,Kyle Duong,2026-04-15,13:39:41,-07:00,2026-04-15T13:39:41-07:00,0,0
global.js,20,js,95019707,Kyle Duong,2026-04-15,13:51:18,-07:00,2026-04-15T13:51:18-07:00,0,38
global.js,21,js,95019707,Kyle Duong,2026-04-15,13:51:18,-07:00,2026-04-15T13:51:18-07:00,0,25
global.js,22,js,a900af96,Kyle Duong,2026-04-15,13:39:41,-07:00,2026-04-15T13:39:41-07:00,0,0
global.js,23,js,95019707,Kyle Duong,2026-04-15,13:51:18,-07:00,2026-04-15T13:51:18-07:00,0,0
global.js,24,js,95019707,Kyle Duong,2026-04-15,13:51:18,-07:00,2026-04-15T13:51:18-07:00,0,20
global.js,25,js,325be518,Kyle Duong,2026-04-15,14:07:58,-07:00,2026-04-15T14:07:58-07:00,1,14
global.js,26,js,95019707,Kyle Duong,2026-04-15,13:51:18,-07:00,2026-04-15T13:51:18-07:00,1,18
global.js,27,js,325be518,Kyle Duong,2026-04-15,14:07:58,-07:00,2026-04-15T14:07:58-07:00,1,52
global.js,28,js,fe3dad99,Kyle Duong,2026-04-15,14:13:44,-07:00,2026-04-15T14:13:44-07:00,1,34
global.js,29,js,fe3dad99,Kyle Duong,2026-04-15,14:13:44,-07:00,2026-04-15T14:13:44-07:00,1,11
global.js,30,js,fe3dad99,Kyle Duong,2026-04-15,14:13:44,-07:00,2026-04-15T14:13:44-07:00,1,20
global.js,31,js,3f6edf3a,Kyle Duong,2026-04-15,14:16:58,-07:00,2026-04-15T14:16:58-07:00,0,0
global.js,32,js,3f6edf3a,Kyle Duong,2026-04-15,14:16:58,-07:00,2026-04-15T14:16:58-07:00,1,17
global.js,33,js,3f6edf3a,Kyle Duong,2026-04-15,14:16:58,-07:00,2026-04-15T14:16:58-07:00,2,8
global.js,34,js,3f6edf3a,Kyle Duong,2026-04-15,14:16:58,-07:00,2026-04-15T14:16:58-07:00,2,58
global.js,35,js,3f6edf3a,Kyle Duong,2026-04-15,14:16:58,-07:00,2026-04-15T14:16:58-07:00,1,0
global.js,36,js,3f6edf3a,Kyle Duong,2026-04-15,14:16:58,-07:00,2026-04-15T14:16:58-07:00,0,0
global.js,37,js,6bd41869,Kyle Duong,2026-04-15,14:25:56,-07:00,2026-04-15T14:25:56-07:00,1,29
global.js,38,js,6bd41869,Kyle Duong,2026-04-15,14:25:56,-07:00,2026-04-15T14:25:56-07:00,2,18
global.js,39,js,6bd41869,Kyle Duong,2026-04-15,14:25:56,-07:00,2026-04-15T14:25:56-07:00,1,0
global.js,40,js,3f6edf3a,Kyle Duong,2026-04-15,14:16:58,-07:00,2026-04-15T14:16:58-07:00,0,0
global.js,41,js,fe3dad99,Kyle Duong,2026-04-15,14:13:44,-07:00,2026-04-15T14:13:44-07:00,1,12
global.js,42,js,95019707,Kyle Duong,2026-04-15,13:51:18,-07:00,2026-04-15T13:51:18-07:00,0,0
global.js,43,js,e01d4192,Kyle Duong,2026-04-15,14:48:55,-07:00,2026-04-15T14:48:55-07:00,0,0
global.js,44,js,e01d4192,Kyle Duong,2026-04-15,14:48:55,-07:00,2026-04-15T14:48:55-07:00,0,31
global.js,45,js,e01d4192,Kyle Duong,2026-04-15,14:48:55,-07:00,2026-04-15T14:48:55-07:00,1,11
global.js,46,js,e01d4192,Kyle Duong,2026-04-15,14:48:55,-07:00,2026-04-15T14:48:55-07:00,1,0
global.js,47,js,69fa1b08,Kyle Duong,2026-04-15,14:52:52,-07:00,2026-04-15T14:52:52-07:00,0,26
global.js,48,js,69fa1b08,Kyle Duong,2026-04-15,14:52:52,-07:00,2026-04-15T14:52:52-07:00,0,4
global.js,49,js,69fa1b08,Kyle Duong,2026-04-15,14:52:52,-07:00,2026-04-15T14:52:52-07:00,0,6
global.js,50,js,69fa1b08,Kyle Duong,2026-04-15,14:52:52,-07:00,2026-04-15T14:52:52-07:00,0,43
global.js,51,js,69fa1b08,Kyle Duong,2026-04-15,14:52:52,-07:00,2026-04-15T14:52:52-07:00,6,34
global.js,52,js,69fa1b08,Kyle Duong,2026-04-15,14:52:52,-07:00,2026-04-15T14:52:52-07:00,6,32
global.js,53,js,69fa1b08,Kyle Duong,2026-04-15,14:52:52,-07:00,2026-04-15T14:52:52-07:00,0,7
global.js,54,js,69fa1b08,Kyle Duong,2026-04-15,14:52:52,-07:00,2026-04-15T14:52:52-07:00,0,8
global.js,55,js,dece8a8c,Kyle Duong,2026-04-15,15:01:48,-07:00,2026-04-15T15:01:48-07:00,0,0
global.js,56,js,dece8a8c,Kyle Duong,2026-04-15,15:01:48,-07:00,2026-04-15T15:01:48-07:00,0,0
global.js,57,js,dece8a8c,Kyle Duong,2026-04-15,15:01:48,-07:00,2026-04-15T15:01:48-07:00,0,0
global.js,58,js,dece8a8c,Kyle Duong,2026-04-15,15:01:48,-07:00,2026-04-15T15:01:48-07:00,0,46
global.js,59,js,dece8a8c,Kyle Duong,2026-04-15,15:01:48,-07:00,2026-04-15T15:01:48-07:00,0,0
global.js,60,js,d322fbe1,Kyle Duong,2026-04-15,15:09:24,-07:00,2026-04-15T15:09:24-07:00,0,36
global.js,61,js,dece8a8c,Kyle Duong,2026-04-15,15:01:48,-07:00,2026-04-15T15:01:48-07:00,1,41
global.js,62,js,dece8a8c,Kyle Duong,2026-04-15,15:01:48,-07:00,2026-04-15T15:01:48-07:00,2,13
global.js,63,js,d322fbe1,Kyle Duong,2026-04-15,15:09:24,-07:00,2026-04-15T15:09:24-07:00,2,9
global.js,64,js,dece8a8c,Kyle Duong,2026-04-15,15:01:48,-07:00,2026-04-15T15:01:48-07:00,1,0
global.js,65,js,d322fbe1,Kyle Duong,2026-04-15,15:09:24,-07:00,2026-04-15T15:09:24-07:00,0,0
global.js,66,js,d322fbe1,Kyle Duong,2026-04-15,15:09:24,-07:00,2026-04-15T15:09:24-07:00,0,0
global.js,67,js,d322fbe1,Kyle Duong,2026-04-15,15:09:24,-07:00,2026-04-15T15:09:24-07:00,0,49
global.js,68,js,d322fbe1,Kyle Duong,2026-04-15,15:09:24,-07:00,2026-04-15T15:09:24-07:00,1,31
global.js,69,js,d322fbe1,Kyle Duong,2026-04-15,15:09:24,-07:00,2026-04-15T15:09:24-07:00,1,57
global.js,70,js,d322fbe1,Kyle Duong,2026-04-15,15:09:24,-07:00,2026-04-15T15:09:24-07:00,0,0
global.js,71,js,d322fbe1,Kyle Duong,2026-04-15,15:09:24,-07:00,2026-04-15T15:09:24-07:00,1,20
global.js,72,js,d322fbe1,Kyle Duong,2026-04-15,15:09:24,-07:00,2026-04-15T15:09:24-07:00,1,31
global.js,73,js,d322fbe1,Kyle Duong,2026-04-15,15:09:24,-07:00,2026-04-15T15:09:24-07:00,0,1
global.js,74,js,d322fbe1,Kyle Duong,2026-04-15,15:09:24,-07:00,2026-04-15T15:09:24-07:00,0,0
global.js,75,js,d322fbe1,Kyle Duong,2026-04-15,15:09:24,-07:00,2026-04-15T15:09:24-07:00,0,0
global.js,76,js,d322fbe1,Kyle Duong,2026-04-15,15:09:24,-07:00,2026-04-15T15:09:24-07:00,0,34
global.js,77,js,d322fbe1,Kyle Duong,2026-04-15,15:09:24,-07:00,2026-04-15T15:09:24-07:00,1,37
global.js,78,js,d322fbe1,Kyle Duong,2026-04-15,15:09:24,-07:00,2026-04-15T15:09:24-07:00,0,0
global.js,79,js,d322fbe1,Kyle Duong,2026-04-15,15:09:24,-07:00,2026-04-15T15:09:24-07:00,1,20
global.js,80,js,d322fbe1,Kyle Duong,2026-04-15,15:09:24,-07:00,2026-04-15T15:09:24-07:00,1,19
global.js,81,js,ecff74cb,Kyle Duong,2026-04-22,20:16:28,-07:00,2026-04-22T20:16:28-07:00,0,0
global.js,82,js,ecff74cb,Kyle Duong,2026-04-22,20:16:28,-07:00,2026-04-22T20:16:28-07:00,0,0
global.js,83,js,588e93b0,Kyle Duong,2026-04-22,20:56:21,-07:00,2026-04-22T20:56:21-07:00,0,36
global.js,84,js,588e93b0,Kyle Duong,2026-04-22,20:56:21,-07:00,2026-04-22T20:56:21-07:00,1,3
global.js,85,js,588e93b0,Kyle Duong,2026-04-22,20:56:21,-07:00,2026-04-22T20:56:21-07:00,2,39
global.js,86,js,588e93b0,Kyle Duong,2026-04-22,20:56:21,-07:00,2026-04-22T20:56:21-07:00,2,32
global.js,87,js,321154e1,Kyle Duong,2026-04-22,21:09:11,-07:00,2026-04-22T21:09:11-07:00,2,19
global.js,88,js,588e93b0,Kyle Duong,2026-04-22,20:56:21,-07:00,2026-04-22T20:56:21-07:00,2,17
global.js,89,js,588e93b0,Kyle Duong,2026-04-22,20:56:21,-07:00,2026-04-22T20:56:21-07:00,3,66
global.js,90,js,588e93b0,Kyle Duong,2026-04-22,20:56:21,-07:00,2026-04-22T20:56:21-07:00,2,0
global.js,91,js,588e93b0,Kyle Duong,2026-04-22,20:56:21,-07:00,2026-04-22T20:56:21-07:00,2,33
global.js,92,js,588e93b0,Kyle Duong,2026-04-22,20:56:21,-07:00,2026-04-22T20:56:21-07:00,2,10
global.js,93,js,588e93b0,Kyle Duong,2026-04-22,20:56:21,-07:00,2026-04-22T20:56:21-07:00,1,15
global.js,94,js,588e93b0,Kyle Duong,2026-04-22,20:56:21,-07:00,2026-04-22T20:56:21-07:00,2,59
global.js,95,js,588e93b0,Kyle Duong,2026-04-22,20:56:21,-07:00,2026-04-22T20:56:21-07:00,1,0
global.js,96,js,588e93b0,Kyle Duong,2026-04-22,20:56:21,-07:00,2026-04-22T20:56:21-07:00,0,0
global.js,97,js,321154e1,Kyle Duong,2026-04-22,21:09:11,-07:00,2026-04-22T21:09:11-07:00,0,0
global.js,98,js,321154e1,Kyle Duong,2026-04-22,21:09:11,-07:00,2026-04-22T21:09:11-07:00,0,0
global.js,99,js,ca2a7bf8,Kyle Duong,2026-04-22,21:05:59,-07:00,2026-04-22T21:05:59-07:00,0,79
global.js,100,js,ecff74cb,Kyle Duong,2026-04-22,20:16:28,-07:00,2026-04-22T20:16:28-07:00,1,30
global.js,101,js,41564a8d,Kyle Duong,2026-04-22,20:18:51,-07:00,2026-04-22T20:18:51-07:00,0,0
global.js,102,js,ca2a7bf8,Kyle Duong,2026-04-22,21:05:59,-07:00,2026-04-22T21:05:59-07:00,1,31
global.js,103,js,ca2a7bf8,Kyle Duong,2026-04-22,21:05:59,-07:00,2026-04-22T21:05:59-07:00,2,48
global.js,104,js,ecff74cb,Kyle Duong,2026-04-22,20:16:28,-07:00,2026-04-22T20:16:28-07:00,0,0
global.js,105,js,ca2a7bf8,Kyle Duong,2026-04-22,21:05:59,-07:00,2026-04-22T21:05:59-07:00,2,19
global.js,106,js,ca2a7bf8,Kyle Duong,2026-04-22,21:05:59,-07:00,2026-04-22T21:05:59-07:00,3,71
global.js,107,js,ca2a7bf8,Kyle Duong,2026-04-22,21:05:59,-07:00,2026-04-22T21:05:59-07:00,3,94
global.js,108,js,ca2a7bf8,Kyle Duong,2026-04-22,21:05:59,-07:00,2026-04-22T21:05:59-07:00,3,24
global.js,109,js,ca2a7bf8,Kyle Duong,2026-04-22,21:05:59,-07:00,2026-04-22T21:05:59-07:00,4,58
global.js,110,js,ca2a7bf8,Kyle Duong,2026-04-22,21:05:59,-07:00,2026-04-22T21:05:59-07:00,4,78
global.js,111,js,ca2a7bf8,Kyle Duong,2026-04-22,21:05:59,-07:00,2026-04-22T21:05:59-07:00,3,4
global.js,112,js,ca2a7bf8,Kyle Duong,2026-04-22,21:05:59,-07:00,2026-04-22T21:05:59-07:00,2,0
global.js,113,js,ecff74cb,Kyle Duong,2026-04-22,20:16:28,-07:00,2026-04-22T20:16:28-07:00,0,0
global.js,114,js,ca2a7bf8,Kyle Duong,2026-04-22,21:05:59,-07:00,2026-04-22T21:05:59-07:00,2,36
global.js,115,js,ca2a7bf8,Kyle Duong,2026-04-22,21:05:59,-07:00,2026-04-22T21:05:59-07:00,1,0
global.js,116,js,1396acbb,Kyle Duong,2026-04-22,21:48:46,-07:00,2026-04-22T21:48:46-07:00,0,0
global.js,117,js,1396acbb,Kyle Duong,2026-04-22,21:48:46,-07:00,2026-04-22T21:48:46-07:00,0,0
global.js,118,js,1396acbb,Kyle Duong,2026-04-22,21:48:46,-07:00,2026-04-22T21:48:46-07:00,0,47
global.js,119,js,1396acbb,Kyle Duong,2026-04-22,21:48:46,-07:00,2026-04-22T21:48:46-07:00,1,59
global.js,120,js,d322fbe1,Kyle Duong,2026-04-15,15:09:24,-07:00,2026-04-15T15:09:24-07:00,0,0
Resume\index.html,1,html,8889b629,Kyle Duong,2026-04-01,18:29:26,-07:00,2026-04-01T18:29:26-07:00,0,13
Resume\index.html,2,html,8889b629,Kyle Duong,2026-04-01,18:29:26,-07:00,2026-04-01T18:29:26-07:00,0,14
Resume\index.html,3,html,8889b629,Kyle Duong,2026-04-01,18:29:26,-07:00,2026-04-01T18:29:26-07:00,0,4
Resume\index.html,4,html,8889b629,Kyle Duong,2026-04-01,18:29:26,-07:00,2026-04-01T18:29:26-07:00,2,20
Resume\index.html,5,html,8889b629,Kyle Duong,2026-04-01,18:29:26,-07:00,2026-04-01T18:29:26-07:00,2,68
Resume\index.html,6,html,8889b629,Kyle Duong,2026-04-01,18:29:26,-07:00,2026-04-01T18:29:26-07:00,2,23
Resume\index.html,7,html,e6aa1bd9,Kyle Duong,2026-04-07,10:47:26,-07:00,2026-04-07T10:47:26-07:00,2,41
Resume\index.html,8,html,8889b629,Kyle Duong,2026-04-01,18:29:26,-07:00,2026-04-01T18:29:26-07:00,0,5
Resume\index.html,9,html,7520f63c,Kyle Duong,2026-04-07,13:52:59,-07:00,2026-04-07T13:52:59-07:00,0,20
Resume\index.html,10,html,95cbfd3c,Kyle Duong,2026-04-01,18:38:19,-07:00,2026-04-01T18:38:19-07:00,0,0
Resume\index.html,11,html,95cbfd3c,Kyle Duong,2026-04-01,18:38:19,-07:00,2026-04-01T18:38:19-07:00,2,17
Resume\index.html,12,html,6b9a5cb4,Kyle Duong,2026-04-07,14:03:04,-07:00,2026-04-07T14:03:04-07:00,2,24
Resume\index.html,13,html,04d72a17,Kyle Duong,2026-04-01,19:04:25,-07:00,2026-04-01T19:04:25-07:00,2,12
Resume\index.html,14,html,04d72a17,Kyle Duong,2026-04-01,19:04:25,-07:00,2026-04-01T19:04:25-07:00,2,81
Resume\index.html,15,html,04d72a17,Kyle Duong,2026-04-01,19:04:25,-07:00,2026-04-01T19:04:25-07:00,2,52
Resume\index.html,16,html,f9751abb,Kyle Duong,2026-04-07,14:00:23,-07:00,2026-04-07T14:00:23-07:00,2,2
Resume\index.html,17,html,95cbfd3c,Kyle Duong,2026-04-01,18:38:19,-07:00,2026-04-01T18:38:19-07:00,0,0
Resume\index.html,18,html,95cbfd3c,Kyle Duong,2026-04-01,18:38:19,-07:00,2026-04-01T18:38:19-07:00,2,7
Resume\index.html,19,html,95cbfd3c,Kyle Duong,2026-04-01,18:38:19,-07:00,2026-04-01T18:38:19-07:00,4,16
Resume\index.html,20,html,95cbfd3c,Kyle Duong,2026-04-01,18:38:19,-07:00,2026-04-01T18:38:19-07:00,4,7
Resume\index.html,21,html,95cbfd3c,Kyle Duong,2026-04-01,18:38:19,-07:00,2026-04-01T18:38:19-07:00,6,6
Resume\index.html,22,html,1514ba5a,Kyle Duong,2026-04-01,18:54:03,-07:00,2026-04-01T18:54:03-07:00,8,43
Resume\index.html,23,html,95cbfd3c,Kyle Duong,2026-04-01,18:38:19,-07:00,2026-04-01T18:38:19-07:00,6,7
Resume\index.html,24,html,04d72a17,Kyle Duong,2026-04-01,19:04:25,-07:00,2026-04-01T19:04:25-07:00,6,75
Resume\index.html,25,html,2e9d877a,Kyle Duong,2026-04-01,19:05:13,-07:00,2026-04-01T19:05:13-07:00,6,48
Resume\index.html,26,html,06f1a3d8,Kyle Duong,2026-04-15,13:34:47,-07:00,2026-04-15T13:34:47-07:00,6,81
Resume\index.html,27,html,95cbfd3c,Kyle Duong,2026-04-01,18:38:19,-07:00,2026-04-01T18:38:19-07:00,4,8
Resume\index.html,28,html,95cbfd3c,Kyle Duong,2026-04-01,18:38:19,-07:00,2026-04-01T18:38:19-07:00,2,8
Resume\index.html,29,html,1514ba5a,Kyle Duong,2026-04-01,18:54:03,-07:00,2026-04-01T18:54:03-07:00,0,0
Resume\index.html,30,html,1514ba5a,Kyle Duong,2026-04-01,18:54:03,-07:00,2026-04-01T18:54:03-07:00,2,7
Resume\index.html,31,html,1514ba5a,Kyle Duong,2026-04-01,18:54:03,-07:00,2026-04-01T18:54:03-07:00,4,22
Resume\index.html,32,html,1514ba5a,Kyle Duong,2026-04-01,18:54:03,-07:00,2026-04-01T18:54:03-07:00,4,7
Resume\index.html,33,html,1514ba5a,Kyle Duong,2026-04-01,18:54:03,-07:00,2026-04-01T18:54:03-07:00,6,6
Resume\index.html,34,html,1514ba5a,Kyle Duong,2026-04-01,18:54:03,-07:00,2026-04-01T18:54:03-07:00,8,51
Resume\index.html,35,html,0630afb2,Kyle Duong,2026-04-01,18:59:41,-07:00,2026-04-01T18:59:41-07:00,8,88
Resume\index.html,36,html,1514ba5a,Kyle Duong,2026-04-01,18:54:03,-07:00,2026-04-01T18:54:03-07:00,6,7
Resume\index.html,37,html,0630afb2,Kyle Duong,2026-04-01,18:59:41,-07:00,2026-04-01T18:59:41-07:00,6,2
Resume\index.html,38,html,7a8f1dbd,Kyle Duong,2026-04-01,19:20:41,-07:00,2026-04-01T19:20:41-07:00,8,140
Resume\index.html,39,html,0630afb2,Kyle Duong,2026-04-01,18:59:41,-07:00,2026-04-01T18:59:41-07:00,6,3
Resume\index.html,40,html,1514ba5a,Kyle Duong,2026-04-01,18:54:03,-07:00,2026-04-01T18:54:03-07:00,4,8
Resume\index.html,41,html,1514ba5a,Kyle Duong,2026-04-01,18:54:03,-07:00,2026-04-01T18:54:03-07:00,2,8
Resume\index.html,42,html,1514ba5a,Kyle Duong,2026-04-01,18:54:03,-07:00,2026-04-01T18:54:03-07:00,0,0
Resume\index.html,43,html,1514ba5a,Kyle Duong,2026-04-01,18:54:03,-07:00,2026-04-01T18:54:03-07:00,2,7
Resume\index.html,44,html,1514ba5a,Kyle Duong,2026-04-01,18:54:03,-07:00,2026-04-01T18:54:03-07:00,4,15
Resume\index.html,45,html,1514ba5a,Kyle Duong,2026-04-01,18:54:03,-07:00,2026-04-01T18:54:03-07:00,4,7
Resume\index.html,46,html,1514ba5a,Kyle Duong,2026-04-01,18:54:03,-07:00,2026-04-01T18:54:03-07:00,6,6
Resume\index.html,47,html,1514ba5a,Kyle Duong,2026-04-01,18:54:03,-07:00,2026-04-01T18:54:03-07:00,8,41
Resume\index.html,48,html,0630afb2,Kyle Duong,2026-04-01,18:59:41,-07:00,2026-04-01T18:59:41-07:00,8,84
Resume\index.html,49,html,1514ba5a,Kyle Duong,2026-04-01,18:54:03,-07:00,2026-04-01T18:54:03-07:00,6,7
Resume\index.html,50,html,0630afb2,Kyle Duong,2026-04-01,18:59:41,-07:00,2026-04-01T18:59:41-07:00,6,2
Resume\index.html,51,html,0630afb2,Kyle Duong,2026-04-01,18:59:41,-07:00,2026-04-01T18:59:41-07:00,8,124
Resume\index.html,52,html,0630afb2,Kyle Duong,2026-04-01,18:59:41,-07:00,2026-04-01T18:59:41-07:00,6,3
Resume\index.html,53,html,1514ba5a,Kyle Duong,2026-04-01,18:54:03,-07:00,2026-04-01T18:54:03-07:00,4,8
Resume\index.html,54,html,1514ba5a,Kyle Duong,2026-04-01,18:54:03,-07:00,2026-04-01T18:54:03-07:00,4,7
Resume\index.html,55,html,1514ba5a,Kyle Duong,2026-04-01,18:54:03,-07:00,2026-04-01T18:54:03-07:00,6,6
Resume\index.html,56,html,1514ba5a,Kyle Duong,2026-04-01,18:54:03,-07:00,2026-04-01T18:54:03-07:00,8,44
Resume\index.html,57,html,0630afb2,Kyle Duong,2026-04-01,18:59:41,-07:00,2026-04-01T18:59:41-07:00,8,92
Resume\index.html,58,html,1514ba5a,Kyle Duong,2026-04-01,18:54:03,-07:00,2026-04-01T18:54:03-07:00,6,7
Resume\index.html,59,html,0630afb2,Kyle Duong,2026-04-01,18:59:41,-07:00,2026-04-01T18:59:41-07:00,6,2
Resume\index.html,60,html,0630afb2,Kyle Duong,2026-04-01,18:59:41,-07:00,2026-04-01T18:59:41-07:00,8,132
Resume\index.html,61,html,0630afb2,Kyle Duong,2026-04-01,18:59:41,-07:00,2026-04-01T18:59:41-07:00,6,3
Resume\index.html,62,html,1514ba5a,Kyle Duong,2026-04-01,18:54:03,-07:00,2026-04-01T18:54:03-07:00,4,8
Resume\index.html,63,html,1514ba5a,Kyle Duong,2026-04-01,18:54:03,-07:00,2026-04-01T18:54:03-07:00,2,8
Resume\index.html,64,html,1514ba5a,Kyle Duong,2026-04-01,18:54:03,-07:00,2026-04-01T18:54:03-07:00,0,0
Resume\index.html,65,html,1514ba5a,Kyle Duong,2026-04-01,18:54:03,-07:00,2026-04-01T18:54:03-07:00,0,0
Resume\index.html,66,html,1514ba5a,Kyle Duong,2026-04-01,18:54:03,-07:00,2026-04-01T18:54:03-07:00,2,7
Resume\index.html,67,html,1514ba5a,Kyle Duong,2026-04-01,18:54:03,-07:00,2026-04-01T18:54:03-07:00,4,13
Resume\index.html,68,html,1514ba5a,Kyle Duong,2026-04-01,18:54:03,-07:00,2026-04-01T18:54:03-07:00,4,2
Resume\index.html,69,html,1514ba5a,Kyle Duong,2026-04-01,18:54:03,-07:00,2026-04-01T18:54:03-07:00,6,31
Resume\index.html,70,html,1514ba5a,Kyle Duong,2026-04-01,18:54:03,-07:00,2026-04-01T18:54:03-07:00,6,35
Resume\index.html,71,html,1514ba5a,Kyle Duong,2026-04-01,18:54:03,-07:00,2026-04-01T18:54:03-07:00,6,39
Resume\index.html,72,html,dddd90c7,Kyle Duong,2026-04-01,19:08:53,-07:00,2026-04-01T19:08:53-07:00,6,40
Resume\index.html,73,html,1514ba5a,Kyle Duong,2026-04-01,18:54:03,-07:00,2026-04-01T18:54:03-07:00,4,3
Resume\index.html,74,html,1514ba5a,Kyle Duong,2026-04-01,18:54:03,-07:00,2026-04-01T18:54:03-07:00,2,8
Resume\index.html,75,html,1514ba5a,Kyle Duong,2026-04-01,18:54:03,-07:00,2026-04-01T18:54:03-07:00,0,0
Resume\index.html,76,html,f1c9e1c3,Kyle Duong,2026-04-15,13:30:54,-07:00,2026-04-15T13:30:54-07:00,2,48
Resume\index.html,77,html,f1c9e1c3,Kyle Duong,2026-04-15,13:30:54,-07:00,2026-04-15T13:30:54-07:00,0,0
Resume\index.html,78,html,8889b629,Kyle Duong,2026-04-01,18:29:26,-07:00,2026-04-01T18:29:26-07:00,0,5
Resume\index.html,79,html,8889b629,Kyle Duong,2026-04-01,18:29:26,-07:00,2026-04-01T18:29:26-07:00,0,5
projects\projects.js,1,js,2daaee1a,Kyle Duong,2026-04-28,12:54:11,-07:00,2026-04-28T12:54:11-07:00,0,63
projects\projects.js,2,js,f597d5a7,Kyle Duong,2026-04-22,19:57:47,-07:00,2026-04-22T19:57:47-07:00,0,55
projects\projects.js,3,js,457648a7,Kyle Duong,2026-04-22,21:21:48,-07:00,2026-04-22T21:21:48-07:00,0,0
projects\projects.js,4,js,f597d5a7,Kyle Duong,2026-04-22,19:57:47,-07:00,2026-04-22T19:57:47-07:00,0,55
projects\projects.js,5,js,7dc0e8b5,Kyle Duong,2026-04-28,13:29:38,-07:00,2026-04-28T13:29:38-07:00,0,13
projects\projects.js,6,js,7dc0e8b5,Kyle Duong,2026-04-28,13:29:38,-07:00,2026-04-28T13:29:38-07:00,0,0
projects\projects.js,7,js,f597d5a7,Kyle Duong,2026-04-22,19:57:47,-07:00,2026-04-22T19:57:47-07:00,0,60
projects\projects.js,8,js,457648a7,Kyle Duong,2026-04-22,21:21:48,-07:00,2026-04-22T21:21:48-07:00,0,48
projects\projects.js,9,js,7c5e7e1e,Kyle Duong,2026-04-22,21:18:55,-07:00,2026-04-22T21:18:55-07:00,0,0
projects\projects.js,10,js,457648a7,Kyle Duong,2026-04-22,21:21:48,-07:00,2026-04-22T21:21:48-07:00,0,54
projects\projects.js,11,js,2daaee1a,Kyle Duong,2026-04-28,12:54:11,-07:00,2026-04-28T12:54:11-07:00,0,48
projects\projects.js,12,js,2daaee1a,Kyle Duong,2026-04-28,12:54:11,-07:00,2026-04-28T12:54:11-07:00,0,0
projects\projects.js,13,js,8dd9fe5e,Kyle Duong,2026-04-28,17:15:51,-07:00,2026-04-28T17:15:51-07:00,0,53
projects\projects.js,14,js,8dd9fe5e,Kyle Duong,2026-04-28,17:15:51,-07:00,2026-04-28T17:15:51-07:00,0,21
projects\projects.js,15,js,8dd9fe5e,Kyle Duong,2026-04-28,17:15:51,-07:00,2026-04-28T17:15:51-07:00,0,0
projects\projects.js,16,js,8dd9fe5e,Kyle Duong,2026-04-28,17:15:51,-07:00,2026-04-28T17:15:51-07:00,0,38
projects\projects.js,17,js,8dd9fe5e,Kyle Duong,2026-04-28,17:15:51,-07:00,2026-04-28T17:15:51-07:00,1,43
projects\projects.js,18,js,8dd9fe5e,Kyle Duong,2026-04-28,17:15:51,-07:00,2026-04-28T17:15:51-07:00,1,32
projects\projects.js,19,js,8dd9fe5e,Kyle Duong,2026-04-28,17:15:51,-07:00,2026-04-28T17:15:51-07:00,1,0
projects\projects.js,20,js,8dd9fe5e,Kyle Duong,2026-04-28,17:15:51,-07:00,2026-04-28T17:15:51-07:00,1,32
projects\projects.js,21,js,8dd9fe5e,Kyle Duong,2026-04-28,17:15:51,-07:00,2026-04-28T17:15:51-07:00,1,30
projects\projects.js,22,js,8dd9fe5e,Kyle Duong,2026-04-28,17:15:51,-07:00,2026-04-28T17:15:51-07:00,0,0
projects\projects.js,23,js,8dd9fe5e,Kyle Duong,2026-04-28,17:15:51,-07:00,2026-04-28T17:15:51-07:00,1,29
projects\projects.js,24,js,8dd9fe5e,Kyle Duong,2026-04-28,17:15:51,-07:00,2026-04-28T17:15:51-07:00,2,12
projects\projects.js,25,js,8dd9fe5e,Kyle Duong,2026-04-28,17:15:51,-07:00,2026-04-28T17:15:51-07:00,2,12
projects\projects.js,26,js,8dd9fe5e,Kyle Duong,2026-04-28,17:15:51,-07:00,2026-04-28T17:15:51-07:00,2,9
projects\projects.js,27,js,8dd9fe5e,Kyle Duong,2026-04-28,17:15:51,-07:00,2026-04-28T17:15:51-07:00,1,0
projects\projects.js,28,js,8dd9fe5e,Kyle Duong,2026-04-28,17:15:51,-07:00,2026-04-28T17:15:51-07:00,0,0
projects\projects.js,29,js,8dd9fe5e,Kyle Duong,2026-04-28,17:15:51,-07:00,2026-04-28T17:15:51-07:00,1,51
projects\projects.js,30,js,8dd9fe5e,Kyle Duong,2026-04-28,17:15:51,-07:00,2026-04-28T17:15:51-07:00,2,11
projects\projects.js,31,js,8dd9fe5e,Kyle Duong,2026-04-28,17:15:51,-07:00,2026-04-28T17:15:51-07:00,2,9
projects\projects.js,32,js,8dd9fe5e,Kyle Duong,2026-04-28,17:15:51,-07:00,2026-04-28T17:15:51-07:00,1,2
projects\projects.js,33,js,8dd9fe5e,Kyle Duong,2026-04-28,17:15:51,-07:00,2026-04-28T17:15:51-07:00,0,0
projects\projects.js,34,js,8dd9fe5e,Kyle Duong,2026-04-28,17:15:51,-07:00,2026-04-28T17:15:51-07:00,1,47
projects\projects.js,35,js,8dd9fe5e,Kyle Duong,2026-04-28,17:15:51,-07:00,2026-04-28T17:15:51-07:00,0,0
projects\projects.js,36,js,8dd9fe5e,Kyle Duong,2026-04-28,17:15:51,-07:00,2026-04-28T17:15:51-07:00,1,48
projects\projects.js,37,js,8dd9fe5e,Kyle Duong,2026-04-28,17:15:51,-07:00,2026-04-28T17:15:51-07:00,1,57
projects\projects.js,38,js,8dd9fe5e,Kyle Duong,2026-04-28,17:15:51,-07:00,2026-04-28T17:15:51-07:00,0,0
projects\projects.js,39,js,8dd9fe5e,Kyle Duong,2026-04-28,17:15:51,-07:00,2026-04-28T17:15:51-07:00,1,39
projects\projects.js,40,js,8dd9fe5e,Kyle Duong,2026-04-28,17:15:51,-07:00,2026-04-28T17:15:51-07:00,1,49
projects\projects.js,41,js,8dd9fe5e,Kyle Duong,2026-04-28,17:15:51,-07:00,2026-04-28T17:15:51-07:00,0,0
projects\projects.js,42,js,8dd9fe5e,Kyle Duong,2026-04-28,17:15:51,-07:00,2026-04-28T17:15:51-07:00,1,25
projects\projects.js,43,js,8dd9fe5e,Kyle Duong,2026-04-28,17:15:51,-07:00,2026-04-28T17:15:51-07:00,0,0
projects\projects.js,44,js,8dd9fe5e,Kyle Duong,2026-04-28,17:15:51,-07:00,2026-04-28T17:15:51-07:00,1,27
projects\projects.js,45,js,8dd9fe5e,Kyle Duong,2026-04-28,17:15:51,-07:00,2026-04-28T17:15:51-07:00,2,1
projects\projects.js,46,js,8dd9fe5e,Kyle Duong,2026-04-28,17:15:51,-07:00,2026-04-28T17:15:51-07:00,3,13
projects\projects.js,47,js,8dd9fe5e,Kyle Duong,2026-04-28,17:15:51,-07:00,2026-04-28T17:15:51-07:00,3,13
projects\projects.js,48,js,8dd9fe5e,Kyle Duong,2026-04-28,17:15:51,-07:00,2026-04-28T17:15:51-07:00,3,22
projects\projects.js,49,js,8dd9fe5e,Kyle Duong,2026-04-28,17:15:51,-07:00,2026-04-28T17:15:51-07:00,3,24
projects\projects.js,50,js,8dd9fe5e,Kyle Duong,2026-04-28,17:15:51,-07:00,2026-04-28T17:15:51-07:00,3,18
projects\projects.js,51,js,8dd9fe5e,Kyle Duong,2026-04-28,17:15:51,-07:00,2026-04-28T17:15:51-07:00,4,43
projects\projects.js,52,js,8dd9fe5e,Kyle Duong,2026-04-28,17:15:51,-07:00,2026-04-28T17:15:51-07:00,0,0
projects\projects.js,53,js,8dd9fe5e,Kyle Duong,2026-04-28,17:15:51,-07:00,2026-04-28T17:15:51-07:00,4,1
projects\projects.js,54,js,8dd9fe5e,Kyle Duong,2026-04-28,17:15:51,-07:00,2026-04-28T17:15:51-07:00,5,16
projects\projects.js,55,js,8dd9fe5e,Kyle Duong,2026-04-28,17:15:51,-07:00,2026-04-28T17:15:51-07:00,5,68
projects\projects.js,56,js,8dd9fe5e,Kyle Duong,2026-04-28,17:15:51,-07:00,2026-04-28T17:15:51-07:00,0,0
projects\projects.js,57,js,8dd9fe5e,Kyle Duong,2026-04-28,17:15:51,-07:00,2026-04-28T17:15:51-07:00,4,4
projects\projects.js,58,js,8dd9fe5e,Kyle Duong,2026-04-28,17:15:51,-07:00,2026-04-28T17:15:51-07:00,5,14
projects\projects.js,59,js,8dd9fe5e,Kyle Duong,2026-04-28,17:15:51,-07:00,2026-04-28T17:15:51-07:00,5,68
projects\projects.js,60,js,8dd9fe5e,Kyle Duong,2026-04-28,17:15:51,-07:00,2026-04-28T17:15:51-07:00,0,0
projects\projects.js,61,js,8dd9fe5e,Kyle Duong,2026-04-28,17:15:51,-07:00,2026-04-28T17:15:51-07:00,4,25
projects\projects.js,62,js,8dd9fe5e,Kyle Duong,2026-04-28,17:15:51,-07:00,2026-04-28T17:15:51-07:00,5,48
projects\projects.js,63,js,8dd9fe5e,Kyle Duong,2026-04-28,17:15:51,-07:00,2026-04-28T17:15:51-07:00,4,6
projects\projects.js,64,js,8dd9fe5e,Kyle Duong,2026-04-28,17:15:51,-07:00,2026-04-28T17:15:51-07:00,5,39
projects\projects.js,65,js,4245b0c8,Kyle Duong,2026-04-28,19:13:04,-07:00,2026-04-28T19:13:04-07:00,6,56
projects\projects.js,66,js,8dd9fe5e,Kyle Duong,2026-04-28,17:15:51,-07:00,2026-04-28T17:15:51-07:00,5,0
projects\projects.js,67,js,8dd9fe5e,Kyle Duong,2026-04-28,17:15:51,-07:00,2026-04-28T17:15:51-07:00,5,56
projects\projects.js,68,js,8dd9fe5e,Kyle Duong,2026-04-28,17:15:51,-07:00,2026-04-28T17:15:51-07:00,4,0
projects\projects.js,69,js,8dd9fe5e,Kyle Duong,2026-04-28,17:15:51,-07:00,2026-04-28T17:15:51-07:00,3,1
projects\projects.js,70,js,8dd9fe5e,Kyle Duong,2026-04-28,17:15:51,-07:00,2026-04-28T17:15:51-07:00,1,1
projects\projects.js,71,js,2daaee1a,Kyle Duong,2026-04-28,12:54:11,-07:00,2026-04-28T12:54:11-07:00,0,0
projects\projects.js,72,js,b48c55a8,Kyle Duong,2026-04-28,17:19:54,-07:00,2026-04-28T17:19:54-07:00,1,35
projects\projects.js,73,js,b48c55a8,Kyle Duong,2026-04-28,17:19:54,-07:00,2026-04-28T17:19:54-07:00,1,25
projects\projects.js,74,js,8dd9fe5e,Kyle Duong,2026-04-28,17:15:51,-07:00,2026-04-28T17:15:51-07:00,2,7
projects\projects.js,75,js,b48c55a8,Kyle Duong,2026-04-28,17:19:54,-07:00,2026-04-28T17:19:54-07:00,3,11
projects\projects.js,76,js,b48c55a8,Kyle Duong,2026-04-28,17:19:54,-07:00,2026-04-28T17:19:54-07:00,3,27
projects\projects.js,77,js,b48c55a8,Kyle Duong,2026-04-28,17:19:54,-07:00,2026-04-28T17:19:54-07:00,3,36
projects\projects.js,78,js,b48c55a8,Kyle Duong,2026-04-28,17:19:54,-07:00,2026-04-28T17:19:54-07:00,3,39
projects\projects.js,79,js,b48c55a8,Kyle Duong,2026-04-28,17:19:54,-07:00,2026-04-28T17:19:54-07:00,3,68
projects\projects.js,80,js,b48c55a8,Kyle Duong,2026-04-28,17:19:54,-07:00,2026-04-28T17:19:54-07:00,3,25
projects\projects.js,81,js,b48c55a8,Kyle Duong,2026-04-28,17:19:54,-07:00,2026-04-28T17:19:54-07:00,3,18
projects\projects.js,82,js,8dd9fe5e,Kyle Duong,2026-04-28,17:15:51,-07:00,2026-04-28T17:15:51-07:00,4,43
projects\projects.js,83,js,1ba409e5,Kyle Duong,2026-04-28,13:03:17,-07:00,2026-04-28T13:03:17-07:00,0,0
projects\projects.js,84,js,8dd9fe5e,Kyle Duong,2026-04-28,17:15:51,-07:00,2026-04-28T17:15:51-07:00,4,28
projects\projects.js,85,js,7fbdaa36,Kyle Duong,2026-04-28,13:08:47,-07:00,2026-04-28T13:08:47-07:00,0,0
projects\projects.js,86,js,8dd9fe5e,Kyle Duong,2026-04-28,17:15:51,-07:00,2026-04-28T17:15:51-07:00,4,18
projects\projects.js,87,js,b48c55a8,Kyle Duong,2026-04-28,17:19:54,-07:00,2026-04-28T17:19:54-07:00,5,81
projects\projects.js,88,js,b48c55a8,Kyle Duong,2026-04-28,17:19:54,-07:00,2026-04-28T17:19:54-07:00,5,54
projects\projects.js,89,js,7fbdaa36,Kyle Duong,2026-04-28,13:08:47,-07:00,2026-04-28T13:08:47-07:00,0,0
projects\projects.js,90,js,8dd9fe5e,Kyle Duong,2026-04-28,17:15:51,-07:00,2026-04-28T17:15:51-07:00,4,26
projects\projects.js,91,js,b48c55a8,Kyle Duong,2026-04-28,17:19:54,-07:00,2026-04-28T17:19:54-07:00,5,54
projects\projects.js,92,js,b48c55a8,Kyle Duong,2026-04-28,17:19:54,-07:00,2026-04-28T17:19:54-07:00,0,0
projects\projects.js,93,js,b48c55a8,Kyle Duong,2026-04-28,17:19:54,-07:00,2026-04-28T17:19:54-07:00,4,25
projects\projects.js,94,js,b48c55a8,Kyle Duong,2026-04-28,17:19:54,-07:00,2026-04-28T17:19:54-07:00,5,48
projects\projects.js,95,js,b48c55a8,Kyle Duong,2026-04-28,17:19:54,-07:00,2026-04-28T17:19:54-07:00,4,6
projects\projects.js,96,js,b48c55a8,Kyle Duong,2026-04-28,17:19:54,-07:00,2026-04-28T17:19:54-07:00,5,39
projects\projects.js,97,js,4245b0c8,Kyle Duong,2026-04-28,19:13:04,-07:00,2026-04-28T19:13:04-07:00,6,56
projects\projects.js,98,js,b48c55a8,Kyle Duong,2026-04-28,17:19:54,-07:00,2026-04-28T17:19:54-07:00,5,0
projects\projects.js,99,js,b48c55a8,Kyle Duong,2026-04-28,17:19:54,-07:00,2026-04-28T17:19:54-07:00,5,56
projects\projects.js,100,js,b48c55a8,Kyle Duong,2026-04-28,17:19:54,-07:00,2026-04-28T17:19:54-07:00,4,0
projects\projects.js,101,js,b48c55a8,Kyle Duong,2026-04-28,17:19:54,-07:00,2026-04-28T17:19:54-07:00,3,1
projects\projects.js,102,js,b48c55a8,Kyle Duong,2026-04-28,17:19:54,-07:00,2026-04-28T17:19:54-07:00,1,1
projects\projects.js,103,js,8dd9fe5e,Kyle Duong,2026-04-28,17:15:51,-07:00,2026-04-28T17:15:51-07:00,0,0
projects\projects.js,104,js,7dc0e8b5,Kyle Duong,2026-04-28,13:29:38,-07:00,2026-04-28T13:29:38-07:00,0,0
projects\projects.js,105,js,8dd9fe5e,Kyle Duong,2026-04-28,17:15:51,-07:00,2026-04-28T17:15:51-07:00,0,23
projects\projects.js,106,js,7dc0e8b5,Kyle Duong,2026-04-28,13:29:38,-07:00,2026-04-28T13:29:38-07:00,0,0
projects\projects.js,107,js,7dc0e8b5,Kyle Duong,2026-04-28,13:29:38,-07:00,2026-04-28T13:29:38-07:00,0,48
projects\projects.js,108,js,7dc0e8b5,Kyle Duong,2026-04-28,13:29:38,-07:00,2026-04-28T13:29:38-07:00,1,25
projects\projects.js,109,js,7dc0e8b5,Kyle Duong,2026-04-28,13:29:38,-07:00,2026-04-28T13:29:38-07:00,0,0
projects\projects.js,110,js,7dc0e8b5,Kyle Duong,2026-04-28,13:29:38,-07:00,2026-04-28T13:29:38-07:00,1,51
projects\projects.js,111,js,7dc0e8b5,Kyle Duong,2026-04-28,13:29:38,-07:00,2026-04-28T13:29:38-07:00,2,59
projects\projects.js,112,js,7dc0e8b5,Kyle Duong,2026-04-28,13:29:38,-07:00,2026-04-28T13:29:38-07:00,2,42
projects\projects.js,113,js,7dc0e8b5,Kyle Duong,2026-04-28,13:29:38,-07:00,2026-04-28T13:29:38-07:00,1,1
projects\projects.js,114,js,7dc0e8b5,Kyle Duong,2026-04-28,13:29:38,-07:00,2026-04-28T13:29:38-07:00,0,0
projects\projects.js,115,js,7dc0e8b5,Kyle Duong,2026-04-28,13:29:38,-07:00,2026-04-28T13:29:38-07:00,1,56
projects\projects.js,116,js,8dd9fe5e,Kyle Duong,2026-04-28,17:15:51,-07:00,2026-04-28T17:15:51-07:00,1,31
projects\projects.js,117,js,7fbdaa36,Kyle Duong,2026-04-28,13:08:47,-07:00,2026-04-28T13:08:47-07:00,0,1
projects\index.html,1,html,94405bd1,Kyle Duong,2026-04-01,14:37:44,-07:00,2026-04-01T14:37:44-07:00,0,13
projects\index.html,2,html,94405bd1,Kyle Duong,2026-04-01,14:37:44,-07:00,2026-04-01T14:37:44-07:00,0,14
projects\index.html,3,html,94405bd1,Kyle Duong,2026-04-01,14:37:44,-07:00,2026-04-01T14:37:44-07:00,0,4
projects\index.html,4,html,94405bd1,Kyle Duong,2026-04-01,14:37:44,-07:00,2026-04-01T14:37:44-07:00,2,20
projects\index.html,5,html,94405bd1,Kyle Duong,2026-04-01,14:37:44,-07:00,2026-04-01T14:37:44-07:00,2,68
projects\index.html,6,html,94405bd1,Kyle Duong,2026-04-01,14:37:44,-07:00,2026-04-01T14:37:44-07:00,2,21
projects\index.html,7,html,e6aa1bd9,Kyle Duong,2026-04-07,10:47:26,-07:00,2026-04-07T10:47:26-07:00,2,41
projects\index.html,8,html,94405bd1,Kyle Duong,2026-04-01,14:37:44,-07:00,2026-04-01T14:37:44-07:00,0,5
projects\index.html,9,html,94405bd1,Kyle Duong,2026-04-01,14:37:44,-07:00,2026-04-01T14:37:44-07:00,0,4
projects\index.html,10,html,457648a7,Kyle Duong,2026-04-22,21:21:48,-07:00,2026-04-22T21:21:48-07:00,2,38
projects\index.html,11,html,e35c6bf2,Kyle Duong,2026-04-22,20:40:09,-07:00,2026-04-22T20:40:09-07:00,0,0
projects\index.html,12,html,9956a888,Kyle Duong,2026-04-28,13:17:04,-07:00,2026-04-28T13:17:04-07:00,2,21
projects\index.html,13,html,9956a888,Kyle Duong,2026-04-28,13:17:04,-07:00,2026-04-28T13:17:04-07:00,4,52
projects\index.html,14,html,9956a888,Kyle Duong,2026-04-28,13:17:04,-07:00,2026-04-28T13:17:04-07:00,4,4
projects\index.html,15,html,9956a888,Kyle Duong,2026-04-28,13:17:04,-07:00,2026-04-28T13:17:04-07:00,4,22
projects\index.html,16,html,9956a888,Kyle Duong,2026-04-28,13:17:04,-07:00,2026-04-28T13:17:04-07:00,2,4
projects\index.html,17,html,2daaee1a,Kyle Duong,2026-04-28,12:54:11,-07:00,2026-04-28T12:54:11-07:00,0,0
projects\index.html,18,html,7dc0e8b5,Kyle Duong,2026-04-28,13:29:38,-07:00,2026-04-28T13:29:38-07:00,2,4
projects\index.html,19,html,7dc0e8b5,Kyle Duong,2026-04-28,13:29:38,-07:00,2026-04-28T13:29:38-07:00,4,15
projects\index.html,20,html,7dc0e8b5,Kyle Duong,2026-04-28,13:29:38,-07:00,2026-04-28T13:29:38-07:00,4,11
projects\index.html,21,html,7dc0e8b5,Kyle Duong,2026-04-28,13:29:38,-07:00,2026-04-28T13:29:38-07:00,4,26
projects\index.html,22,html,7dc0e8b5,Kyle Duong,2026-04-28,13:29:38,-07:00,2026-04-28T13:29:38-07:00,4,31
projects\index.html,23,html,7dc0e8b5,Kyle Duong,2026-04-28,13:29:38,-07:00,2026-04-28T13:29:38-07:00,2,0
projects\index.html,24,html,7dc0e8b5,Kyle Duong,2026-04-28,13:29:38,-07:00,2026-04-28T13:29:38-07:00,0,0
projects\index.html,25,html,7dc0e8b5,Kyle Duong,2026-04-28,13:29:38,-07:00,2026-04-28T13:29:38-07:00,0,0
projects\index.html,26,html,2daaee1a,Kyle Duong,2026-04-28,12:54:11,-07:00,2026-04-28T12:54:11-07:00,0,0
projects\index.html,27,html,5c0766c6,Kyle Duong,2026-04-07,13:21:34,-07:00,2026-04-07T13:21:34-07:00,2,20
projects\index.html,28,html,5c0766c6,Kyle Duong,2026-04-07,13:21:34,-07:00,2026-04-07T13:21:34-07:00,2,4
projects\index.html,29,html,f1c9e1c3,Kyle Duong,2026-04-15,13:30:54,-07:00,2026-04-15T13:30:54-07:00,0,0
projects\index.html,30,html,f1c9e1c3,Kyle Duong,2026-04-15,13:30:54,-07:00,2026-04-15T13:30:54-07:00,2,48
projects\index.html,31,html,e35c6bf2,Kyle Duong,2026-04-22,20:40:09,-07:00,2026-04-22T20:40:09-07:00,2,47
projects\index.html,32,html,94405bd1,Kyle Duong,2026-04-01,14:37:44,-07:00,2026-04-01T14:37:44-07:00,0,5
projects\index.html,33,html,94405bd1,Kyle Duong,2026-04-01,14:37:44,-07:00,2026-04-01T14:37:44-07:00,0,5
meta\main.js,1,js,3b8c9b54,Kyle Duong,2026-05-07,22:29:53,-07:00,2026-05-07T22:29:53-07:00,0,63
meta\main.js,2,js,3b8c9b54,Kyle Duong,2026-05-07,22:29:53,-07:00,2026-05-07T22:29:53-07:00,0,0
meta\main.js,3,js,a55816e7,Kyle Duong,2026-05-07,23:49:47,-07:00,2026-05-07T23:49:47-07:00,0,9
meta\main.js,4,js,a55816e7,Kyle Duong,2026-05-07,23:49:47,-07:00,2026-05-07T23:49:47-07:00,0,9
meta\main.js,5,js,a55816e7,Kyle Duong,2026-05-07,23:49:47,-07:00,2026-05-07T23:49:47-07:00,0,0
meta\main.js,6,js,3b8c9b54,Kyle Duong,2026-05-07,22:29:53,-07:00,2026-05-07T22:29:53-07:00,0,25
meta\main.js,7,js,3b8c9b54,Kyle Duong,2026-05-07,22:29:53,-07:00,2026-05-07T22:29:53-07:00,1,46
meta\main.js,8,js,3b8c9b54,Kyle Duong,2026-05-07,22:29:53,-07:00,2026-05-07T22:29:53-07:00,2,5
meta\main.js,9,js,3b8c9b54,Kyle Duong,2026-05-07,22:29:53,-07:00,2026-05-07T22:29:53-07:00,2,21
meta\main.js,10,js,3b8c9b54,Kyle Duong,2026-05-07,22:29:53,-07:00,2026-05-07T22:29:53-07:00,2,23
meta\main.js,11,js,3b8c9b54,Kyle Duong,2026-05-07,22:29:53,-07:00,2026-05-07T22:29:53-07:00,2,25
meta\main.js,12,js,3b8c9b54,Kyle Duong,2026-05-07,22:29:53,-07:00,2026-05-07T22:29:53-07:00,2,49
meta\main.js,13,js,3b8c9b54,Kyle Duong,2026-05-07,22:29:53,-07:00,2026-05-07T22:29:53-07:00,2,31
meta\main.js,14,js,3b8c9b54,Kyle Duong,2026-05-07,22:29:53,-07:00,2026-05-07T22:29:53-07:00,1,2
meta\main.js,15,js,3b8c9b54,Kyle Duong,2026-05-07,22:29:53,-07:00,2026-05-07T22:29:53-07:00,0,0
meta\main.js,16,js,3b8c9b54,Kyle Duong,2026-05-07,22:29:53,-07:00,2026-05-07T22:29:53-07:00,1,10
meta\main.js,17,js,3b8c9b54,Kyle Duong,2026-05-07,22:29:53,-07:00,2026-05-07T22:29:53-07:00,0,0
meta\main.js,18,js,3b8c9b54,Kyle Duong,2026-05-07,22:29:53,-07:00,2026-05-07T22:29:53-07:00,0,0
meta\main.js,19,js,4784813f,Kyle Duong,2026-05-07,22:35:03,-07:00,2026-05-07T22:35:03-07:00,0,29
meta\main.js,20,js,4784813f,Kyle Duong,2026-05-07,22:35:03,-07:00,2026-05-07T22:35:03-07:00,1,7
meta\main.js,21,js,4784813f,Kyle Duong,2026-05-07,22:35:03,-07:00,2026-05-07T22:35:03-07:00,2,28
meta\main.js,22,js,4784813f,Kyle Duong,2026-05-07,22:35:03,-07:00,2026-05-07T22:35:03-07:00,2,25
meta\main.js,23,js,4784813f,Kyle Duong,2026-05-07,22:35:03,-07:00,2026-05-07T22:35:03-07:00,3,19
meta\main.js,24,js,4784813f,Kyle Duong,2026-05-07,22:35:03,-07:00,2026-05-07T22:35:03-07:00,3,53
meta\main.js,25,js,4784813f,Kyle Duong,2026-05-07,22:35:03,-07:00,2026-05-07T22:35:03-07:00,0,0
meta\main.js,26,js,4784813f,Kyle Duong,2026-05-07,22:35:03,-07:00,2026-05-07T22:35:03-07:00,3,9
meta\main.js,27,js,4784813f,Kyle Duong,2026-05-07,22:35:03,-07:00,2026-05-07T22:35:03-07:00,4,9
meta\main.js,28,js,4784813f,Kyle Duong,2026-05-07,22:35:03,-07:00,2026-05-07T22:35:03-07:00,4,62
meta\main.js,29,js,4784813f,Kyle Duong,2026-05-07,22:35:03,-07:00,2026-05-07T22:35:03-07:00,4,5
meta\main.js,30,js,4784813f,Kyle Duong,2026-05-07,22:35:03,-07:00,2026-05-07T22:35:03-07:00,4,3
meta\main.js,31,js,4784813f,Kyle Duong,2026-05-07,22:35:03,-07:00,2026-05-07T22:35:03-07:00,4,3
meta\main.js,32,js,4784813f,Kyle Duong,2026-05-07,22:35:03,-07:00,2026-05-07T22:35:03-07:00,4,7
meta\main.js,33,js,4784813f,Kyle Duong,2026-05-07,22:35:03,-07:00,2026-05-07T22:35:03-07:00,4,7
meta\main.js,34,js,4784813f,Kyle Duong,2026-05-07,22:35:03,-07:00,2026-05-07T22:35:03-07:00,4,57
meta\main.js,35,js,4784813f,Kyle Duong,2026-05-07,22:35:03,-07:00,2026-05-07T22:35:03-07:00,4,23
meta\main.js,36,js,4784813f,Kyle Duong,2026-05-07,22:35:03,-07:00,2026-05-07T22:35:03-07:00,3,0
meta\main.js,37,js,4784813f,Kyle Duong,2026-05-07,22:35:03,-07:00,2026-05-07T22:35:03-07:00,0,0
meta\main.js,38,js,4784813f,Kyle Duong,2026-05-07,22:35:03,-07:00,2026-05-07T22:35:03-07:00,3,35
meta\main.js,39,js,4784813f,Kyle Duong,2026-05-07,22:35:03,-07:00,2026-05-07T22:35:03-07:00,4,11
meta\main.js,40,js,4784813f,Kyle Duong,2026-05-07,22:35:03,-07:00,2026-05-07T22:35:03-07:00,4,18
meta\main.js,41,js,4784813f,Kyle Duong,2026-05-07,22:35:03,-07:00,2026-05-07T22:35:03-07:00,4,14
meta\main.js,42,js,4784813f,Kyle Duong,2026-05-07,22:35:03,-07:00,2026-05-07T22:35:03-07:00,4,16
meta\main.js,43,js,4784813f,Kyle Duong,2026-05-07,22:35:03,-07:00,2026-05-07T22:35:03-07:00,3,1
meta\main.js,44,js,4784813f,Kyle Duong,2026-05-07,22:35:03,-07:00,2026-05-07T22:35:03-07:00,0,0
meta\main.js,45,js,4784813f,Kyle Duong,2026-05-07,22:35:03,-07:00,2026-05-07T22:35:03-07:00,3,9
meta\main.js,46,js,4784813f,Kyle Duong,2026-05-07,22:35:03,-07:00,2026-05-07T22:35:03-07:00,2,1
meta\main.js,47,js,4784813f,Kyle Duong,2026-05-07,22:35:03,-07:00,2026-05-07T22:35:03-07:00,0,0
meta\main.js,48,js,4784813f,Kyle Duong,2026-05-07,22:35:03,-07:00,2026-05-07T22:35:03-07:00,0,0
meta\main.js,49,js,7884b5ff,Kyle Duong,2026-05-07,22:41:12,-07:00,2026-05-07T22:41:12-07:00,0,40
meta\main.js,50,js,7884b5ff,Kyle Duong,2026-05-07,22:41:12,-07:00,2026-05-07T22:41:12-07:00,1,65
meta\main.js,51,js,7884b5ff,Kyle Duong,2026-05-07,22:41:12,-07:00,2026-05-07T22:41:12-07:00,0,0
meta\main.js,52,js,7884b5ff,Kyle Duong,2026-05-07,22:41:12,-07:00,2026-05-07T22:41:12-07:00,1,10
meta\main.js,53,js,7884b5ff,Kyle Duong,2026-05-07,22:41:12,-07:00,2026-05-07T22:41:12-07:00,1,67
meta\main.js,54,js,7884b5ff,Kyle Duong,2026-05-07,22:41:12,-07:00,2026-05-07T22:41:12-07:00,1,32
meta\main.js,55,js,7884b5ff,Kyle Duong,2026-05-07,22:41:12,-07:00,2026-05-07T22:41:12-07:00,0,0
meta\main.js,56,js,7884b5ff,Kyle Duong,2026-05-07,22:41:12,-07:00,2026-05-07T22:41:12-07:00,1,14
meta\main.js,57,js,7884b5ff,Kyle Duong,2026-05-07,22:41:12,-07:00,2026-05-07T22:41:12-07:00,1,36
meta\main.js,58,js,7884b5ff,Kyle Duong,2026-05-07,22:41:12,-07:00,2026-05-07T22:41:12-07:00,1,35
meta\main.js,59,js,7884b5ff,Kyle Duong,2026-05-07,22:41:12,-07:00,2026-05-07T22:41:12-07:00,0,0
meta\main.js,60,js,7884b5ff,Kyle Duong,2026-05-07,22:41:12,-07:00,2026-05-07T22:41:12-07:00,1,43
meta\main.js,61,js,7884b5ff,Kyle Duong,2026-05-07,22:41:12,-07:00,2026-05-07T22:41:12-07:00,1,38
meta\main.js,62,js,7884b5ff,Kyle Duong,2026-05-07,22:41:12,-07:00,2026-05-07T22:41:12-07:00,1,55
meta\main.js,63,js,7884b5ff,Kyle Duong,2026-05-07,22:41:12,-07:00,2026-05-07T22:41:12-07:00,0,0
meta\main.js,64,js,7884b5ff,Kyle Duong,2026-05-07,22:41:12,-07:00,2026-05-07T22:41:12-07:00,1,39
meta\main.js,65,js,7884b5ff,Kyle Duong,2026-05-07,22:41:12,-07:00,2026-05-07T22:41:12-07:00,1,29
meta\main.js,66,js,7884b5ff,Kyle Duong,2026-05-07,22:41:12,-07:00,2026-05-07T22:41:12-07:00,2,3
meta\main.js,67,js,7884b5ff,Kyle Duong,2026-05-07,22:41:12,-07:00,2026-05-07T22:41:12-07:00,2,30
meta\main.js,68,js,7884b5ff,Kyle Duong,2026-05-07,22:41:12,-07:00,2026-05-07T22:41:12-07:00,2,12
meta\main.js,69,js,7884b5ff,Kyle Duong,2026-05-07,22:41:12,-07:00,2026-05-07T22:41:12-07:00,1,0
meta\main.js,70,js,7884b5ff,Kyle Duong,2026-05-07,22:41:12,-07:00,2026-05-07T22:41:12-07:00,0,0
meta\main.js,71,js,7884b5ff,Kyle Duong,2026-05-07,22:41:12,-07:00,2026-05-07T22:41:12-07:00,1,58
meta\main.js,72,js,7884b5ff,Kyle Duong,2026-05-07,22:41:12,-07:00,2026-05-07T22:41:12-07:00,0,0
meta\main.js,73,js,7884b5ff,Kyle Duong,2026-05-07,22:41:12,-07:00,2026-05-07T22:41:12-07:00,1,42
meta\main.js,74,js,7884b5ff,Kyle Duong,2026-05-07,22:41:12,-07:00,2026-05-07T22:41:12-07:00,1,49
meta\main.js,75,js,7884b5ff,Kyle Duong,2026-05-07,22:41:12,-07:00,2026-05-07T22:41:12-07:00,0,0
meta\main.js,76,js,7884b5ff,Kyle Duong,2026-05-07,22:41:12,-07:00,2026-05-07T22:41:12-07:00,1,50
meta\main.js,77,js,7884b5ff,Kyle Duong,2026-05-07,22:41:12,-07:00,2026-05-07T22:41:12-07:00,1,42
meta\main.js,78,js,7884b5ff,Kyle Duong,2026-05-07,22:41:12,-07:00,2026-05-07T22:41:12-07:00,1,62
meta\main.js,79,js,7884b5ff,Kyle Duong,2026-05-07,22:41:12,-07:00,2026-05-07T22:41:12-07:00,0,0
meta\main.js,80,js,7884b5ff,Kyle Duong,2026-05-07,22:41:12,-07:00,2026-05-07T22:41:12-07:00,1,44
meta\main.js,81,js,7884b5ff,Kyle Duong,2026-05-07,22:41:12,-07:00,2026-05-07T22:41:12-07:00,1,36
meta\main.js,82,js,7884b5ff,Kyle Duong,2026-05-07,22:41:12,-07:00,2026-05-07T22:41:12-07:00,1,49
meta\main.js,83,js,7884b5ff,Kyle Duong,2026-05-07,22:41:12,-07:00,2026-05-07T22:41:12-07:00,0,0
meta\main.js,84,js,7884b5ff,Kyle Duong,2026-05-07,22:41:12,-07:00,2026-05-07T22:41:12-07:00,0,0
meta\main.js,85,js,0dec3912,Kyle Duong,2026-05-07,23:14:15,-07:00,2026-05-07T23:14:15-07:00,0,37
meta\main.js,86,js,0dec3912,Kyle Duong,2026-05-07,23:14:15,-07:00,2026-05-07T23:14:15-07:00,1,50
meta\main.js,87,js,0dec3912,Kyle Duong,2026-05-07,23:14:15,-07:00,2026-05-07T23:14:15-07:00,1,50
meta\main.js,88,js,0dec3912,Kyle Duong,2026-05-07,23:14:15,-07:00,2026-05-07T23:14:15-07:00,1,50
meta\main.js,89,js,0dec3912,Kyle Duong,2026-05-07,23:14:15,-07:00,2026-05-07T23:14:15-07:00,1,54
meta\main.js,90,js,0dec3912,Kyle Duong,2026-05-07,23:14:15,-07:00,2026-05-07T23:14:15-07:00,1,52
meta\main.js,91,js,0dec3912,Kyle Duong,2026-05-07,23:14:15,-07:00,2026-05-07T23:14:15-07:00,0,0
meta\main.js,92,js,0dec3912,Kyle Duong,2026-05-07,23:14:15,-07:00,2026-05-07T23:14:15-07:00,1,43
meta\main.js,93,js,0dec3912,Kyle Duong,2026-05-07,23:14:15,-07:00,2026-05-07T23:14:15-07:00,0,0
meta\main.js,94,js,0dec3912,Kyle Duong,2026-05-07,23:14:15,-07:00,2026-05-07T23:14:15-07:00,1,21
meta\main.js,95,js,0dec3912,Kyle Duong,2026-05-07,23:14:15,-07:00,2026-05-07T23:14:15-07:00,1,27
meta\main.js,96,js,0dec3912,Kyle Duong,2026-05-07,23:14:15,-07:00,2026-05-07T23:14:15-07:00,0,0
meta\main.js,97,js,0dec3912,Kyle Duong,2026-05-07,23:14:15,-07:00,2026-05-07T23:14:15-07:00,1,56
meta\main.js,98,js,0dec3912,Kyle Duong,2026-05-07,23:14:15,-07:00,2026-05-07T23:14:15-07:00,2,16
meta\main.js,99,js,0dec3912,Kyle Duong,2026-05-07,23:14:15,-07:00,2026-05-07T23:14:15-07:00,1,1
meta\main.js,100,js,0dec3912,Kyle Duong,2026-05-07,23:14:15,-07:00,2026-05-07T23:14:15-07:00,0,0
meta\main.js,101,js,0dec3912,Kyle Duong,2026-05-07,23:14:15,-07:00,2026-05-07T23:14:15-07:00,1,56
meta\main.js,102,js,0dec3912,Kyle Duong,2026-05-07,23:14:15,-07:00,2026-05-07T23:14:15-07:00,2,17
meta\main.js,103,js,0dec3912,Kyle Duong,2026-05-07,23:14:15,-07:00,2026-05-07T23:14:15-07:00,1,1
meta\main.js,104,js,0dec3912,Kyle Duong,2026-05-07,23:14:15,-07:00,2026-05-07T23:14:15-07:00,0,0
meta\main.js,105,js,0dec3912,Kyle Duong,2026-05-07,23:14:15,-07:00,2026-05-07T23:14:15-07:00,1,33
meta\main.js,106,js,0dec3912,Kyle Duong,2026-05-07,23:14:15,-07:00,2026-05-07T23:14:15-07:00,1,36
meta\main.js,107,js,0dec3912,Kyle Duong,2026-05-07,23:14:15,-07:00,2026-05-07T23:14:15-07:00,0,0
meta\main.js,108,js,0dec3912,Kyle Duong,2026-05-07,23:14:15,-07:00,2026-05-07T23:14:15-07:00,0,0
meta\main.js,109,js,c7705032,Kyle Duong,2026-05-07,23:20:42,-07:00,2026-05-07T23:20:42-07:00,0,43
meta\main.js,110,js,c7705032,Kyle Duong,2026-05-07,23:20:42,-07:00,2026-05-07T23:20:42-07:00,1,56
meta\main.js,111,js,c7705032,Kyle Duong,2026-05-07,23:20:42,-07:00,2026-05-07T23:20:42-07:00,1,26
meta\main.js,112,js,c7705032,Kyle Duong,2026-05-07,23:20:42,-07:00,2026-05-07T23:20:42-07:00,0,0
meta\main.js,113,js,c7705032,Kyle Duong,2026-05-07,23:20:42,-07:00,2026-05-07T23:20:42-07:00,0,0
meta\main.js,114,js,413cd190,Kyle Duong,2026-05-07,23:24:18,-07:00,2026-05-07T23:24:18-07:00,0,37
meta\main.js,115,js,413cd190,Kyle Duong,2026-05-07,23:24:18,-07:00,2026-05-07T23:24:18-07:00,1,56
meta\main.js,116,js,413cd190,Kyle Duong,2026-05-07,23:24:18,-07:00,2026-05-07T23:24:18-07:00,1,40
meta\main.js,117,js,413cd190,Kyle Duong,2026-05-07,23:24:18,-07:00,2026-05-07T23:24:18-07:00,1,39
meta\main.js,118,js,413cd190,Kyle Duong,2026-05-07,23:24:18,-07:00,2026-05-07T23:24:18-07:00,0,0
meta\main.js,119,js,413cd190,Kyle Duong,2026-05-07,23:24:18,-07:00,2026-05-07T23:24:18-07:00,0,0
meta\main.js,120,js,a55816e7,Kyle Duong,2026-05-07,23:49:47,-07:00,2026-05-07T23:49:47-07:00,0,23
meta\main.js,121,js,a55816e7,Kyle Duong,2026-05-07,23:49:47,-07:00,2026-05-07T23:49:47-07:00,1,32
meta\main.js,122,js,a55816e7,Kyle Duong,2026-05-07,23:49:47,-07:00,2026-05-07T23:49:47-07:00,0,0
meta\main.js,123,js,a55816e7,Kyle Duong,2026-05-07,23:49:47,-07:00,2026-05-07T23:49:47-07:00,1,47
meta\main.js,124,js,a55816e7,Kyle Duong,2026-05-07,23:49:47,-07:00,2026-05-07T23:49:47-07:00,2,28
meta\main.js,125,js,a55816e7,Kyle Duong,2026-05-07,23:49:47,-07:00,2026-05-07T23:49:47-07:00,1,0
meta\main.js,126,js,00000000,Not Committed Yet,2026-05-07,23:51:58,-07:00,2026-05-07T23:51:58-07:00,0,0
meta\main.js,127,js,00000000,Not Committed Yet,2026-05-07,23:51:58,-07:00,2026-05-07T23:51:58-07:00,1,30
meta\main.js,128,js,00000000,Not Committed Yet,2026-05-07,23:51:58,-07:00,2026-05-07T23:51:58-07:00,0,0
meta\main.js,129,js,00000000,Not Committed Yet,2026-05-07,23:51:58,-07:00,2026-05-07T23:51:58-07:00,0,0
meta\main.js,130,js,00000000,Not Committed Yet,2026-05-07,23:51:58,-07:00,2026-05-07T23:51:58-07:00,0,40
meta\main.js,131,js,00000000,Not Committed Yet,2026-05-07,23:51:58,-07:00,2026-05-07T23:51:58-07:00,1,31
meta\main.js,132,js,00000000,Not Committed Yet,2026-05-07,23:51:58,-07:00,2026-05-07T23:51:58-07:00,2,53
meta\main.js,133,js,00000000,Not Committed Yet,2026-05-07,23:51:58,-07:00,2026-05-07T23:51:58-07:00,2,3
meta\main.js,134,js,00000000,Not Committed Yet,2026-05-07,23:51:58,-07:00,2026-05-07T23:51:58-07:00,0,0
meta\main.js,135,js,00000000,Not Committed Yet,2026-05-07,23:51:58,-07:00,2026-05-07T23:51:58-07:00,1,62
meta\main.js,136,js,00000000,Not Committed Yet,2026-05-07,23:51:58,-07:00,2026-05-07T23:51:58-07:00,1,28
meta\main.js,137,js,00000000,Not Committed Yet,2026-05-07,23:51:58,-07:00,2026-05-07T23:51:58-07:00,2,28
meta\main.js,138,js,00000000,Not Committed Yet,2026-05-07,23:51:58,-07:00,2026-05-07T23:51:58-07:00,1,18
meta\main.js,139,js,00000000,Not Committed Yet,2026-05-07,23:51:58,-07:00,2026-05-07T23:51:58-07:00,0,0
meta\main.js,140,js,00000000,Not Committed Yet,2026-05-07,23:51:58,-07:00,2026-05-07T23:51:58-07:00,1,21
meta\main.js,141,js,a55816e7,Kyle Duong,2026-05-07,23:49:47,-07:00,2026-05-07T23:49:47-07:00,0,0
meta\main.js,142,js,a55816e7,Kyle Duong,2026-05-07,23:49:47,-07:00,2026-05-07T23:49:47-07:00,0,0
meta\main.js,143,js,a55816e7,Kyle Duong,2026-05-07,23:49:47,-07:00,2026-05-07T23:49:47-07:00,0,44
meta\main.js,144,js,a55816e7,Kyle Duong,2026-05-07,23:49:47,-07:00,2026-05-07T23:49:47-07:00,1,15
meta\main.js,145,js,a55816e7,Kyle Duong,2026-05-07,23:49:47,-07:00,2026-05-07T23:49:47-07:00,2,11
meta\main.js,146,js,a55816e7,Kyle Duong,2026-05-07,23:49:47,-07:00,2026-05-07T23:49:47-07:00,1,0
meta\main.js,147,js,a55816e7,Kyle Duong,2026-05-07,23:49:47,-07:00,2026-05-07T23:49:47-07:00,0,0
meta\main.js,148,js,a55816e7,Kyle Duong,2026-05-07,23:49:47,-07:00,2026-05-07T23:49:47-07:00,1,37
meta\main.js,149,js,a55816e7,Kyle Duong,2026-05-07,23:49:47,-07:00,2026-05-07T23:49:47-07:00,0,0
meta\main.js,150,js,a55816e7,Kyle Duong,2026-05-07,23:49:47,-07:00,2026-05-07T23:49:47-07:00,1,32
meta\main.js,151,js,a55816e7,Kyle Duong,2026-05-07,23:49:47,-07:00,2026-05-07T23:49:47-07:00,1,32
meta\main.js,152,js,a55816e7,Kyle Duong,2026-05-07,23:49:47,-07:00,2026-05-07T23:49:47-07:00,0,0
meta\main.js,153,js,a55816e7,Kyle Duong,2026-05-07,23:49:47,-07:00,2026-05-07T23:49:47-07:00,1,46
meta\main.js,154,js,a55816e7,Kyle Duong,2026-05-07,23:49:47,-07:00,2026-05-07T23:49:47-07:00,0,0
meta\main.js,155,js,a55816e7,Kyle Duong,2026-05-07,23:49:47,-07:00,2026-05-07T23:49:47-07:00,0,0
meta\main.js,156,js,906b3ade,Kyle Duong,2026-05-07,23:37:35,-07:00,2026-05-07T23:37:35-07:00,0,33
meta\main.js,157,js,a55816e7,Kyle Duong,2026-05-07,23:49:47,-07:00,2026-05-07T23:49:47-07:00,1,50
meta\main.js,158,js,8a890c16,Kyle Duong,2026-05-07,23:38:42,-07:00,2026-05-07T23:38:42-07:00,0,0
meta\main.js,159,js,8a890c16,Kyle Duong,2026-05-07,23:38:42,-07:00,2026-05-07T23:38:42-07:00,1,43
meta\main.js,160,js,906b3ade,Kyle Duong,2026-05-07,23:37:35,-07:00,2026-05-07T23:37:35-07:00,0,0
meta\main.js,161,js,906b3ade,Kyle Duong,2026-05-07,23:37:35,-07:00,2026-05-07T23:37:35-07:00,0,0
meta\main.js,162,js,0ccc7b18,Kyle Duong,2026-05-07,22:50:24,-07:00,2026-05-07T22:50:24-07:00,0,41
meta\main.js,163,js,0ccc7b18,Kyle Duong,2026-05-07,22:50:24,-07:00,2026-05-07T22:50:24-07:00,1,17
meta\main.js,164,js,0ccc7b18,Kyle Duong,2026-05-07,22:50:24,-07:00,2026-05-07T22:50:24-07:00,1,17
meta\main.js,165,js,0ccc7b18,Kyle Duong,2026-05-07,22:50:24,-07:00,2026-05-07T22:50:24-07:00,0,0
meta\main.js,166,js,cafc8b60,Kyle Duong,2026-05-07,22:54:33,-07:00,2026-05-07T22:54:33-07:00,1,58
meta\main.js,167,js,cafc8b60,Kyle Duong,2026-05-07,22:54:33,-07:00,2026-05-07T22:54:33-07:00,0,0
meta\main.js,168,js,cafc8b60,Kyle Duong,2026-05-07,22:54:33,-07:00,2026-05-07T22:54:33-07:00,1,18
meta\main.js,169,js,cafc8b60,Kyle Duong,2026-05-07,22:54:33,-07:00,2026-05-07T22:54:33-07:00,2,14
meta\main.js,170,js,cafc8b60,Kyle Duong,2026-05-07,22:54:33,-07:00,2026-05-07T22:54:33-07:00,2,26
meta\main.js,171,js,cafc8b60,Kyle Duong,2026-05-07,22:54:33,-07:00,2026-05-07T22:54:33-07:00,2,29
meta\main.js,172,js,cafc8b60,Kyle Duong,2026-05-07,22:54:33,-07:00,2026-05-07T22:54:33-07:00,2,16
meta\main.js,173,js,cafc8b60,Kyle Duong,2026-05-07,22:54:33,-07:00,2026-05-07T22:54:33-07:00,2,40
meta\main.js,174,js,cafc8b60,Kyle Duong,2026-05-07,22:54:33,-07:00,2026-05-07T22:54:33-07:00,2,42
meta\main.js,175,js,cafc8b60,Kyle Duong,2026-05-07,22:54:33,-07:00,2026-05-07T22:54:33-07:00,1,0
meta\main.js,176,js,cafc8b60,Kyle Duong,2026-05-07,22:54:33,-07:00,2026-05-07T22:54:33-07:00,0,0
meta\main.js,177,js,0ccc7b18,Kyle Duong,2026-05-07,22:50:24,-07:00,2026-05-07T22:50:24-07:00,1,12
meta\main.js,178,js,0ccc7b18,Kyle Duong,2026-05-07,22:50:24,-07:00,2026-05-07T22:50:24-07:00,2,15
meta\main.js,179,js,0ccc7b18,Kyle Duong,2026-05-07,22:50:24,-07:00,2026-05-07T22:50:24-07:00,2,12
meta\main.js,180,js,0ccc7b18,Kyle Duong,2026-05-07,22:50:24,-07:00,2026-05-07T22:50:24-07:00,2,40
meta\main.js,181,js,0ccc7b18,Kyle Duong,2026-05-07,22:50:24,-07:00,2026-05-07T22:50:24-07:00,2,28
meta\main.js,182,js,0ccc7b18,Kyle Duong,2026-05-07,22:50:24,-07:00,2026-05-07T22:50:24-07:00,0,0
meta\main.js,183,js,a55816e7,Kyle Duong,2026-05-07,23:49:47,-07:00,2026-05-07T23:49:47-07:00,1,9
meta\main.js,184,js,0ccc7b18,Kyle Duong,2026-05-07,22:50:24,-07:00,2026-05-07T22:50:24-07:00,2,10
meta\main.js,185,js,0ccc7b18,Kyle Duong,2026-05-07,22:50:24,-07:00,2026-05-07T22:50:24-07:00,2,44
meta\main.js,186,js,cafc8b60,Kyle Duong,2026-05-07,22:54:33,-07:00,2026-05-07T22:54:33-07:00,2,41
meta\main.js,187,js,0ccc7b18,Kyle Duong,2026-05-07,22:50:24,-07:00,2026-05-07T22:50:24-07:00,2,6
meta\main.js,188,js,0ccc7b18,Kyle Duong,2026-05-07,22:50:24,-07:00,2026-05-07T22:50:24-07:00,0,0
meta\main.js,189,js,a55816e7,Kyle Duong,2026-05-07,23:49:47,-07:00,2026-05-07T23:49:47-07:00,1,9
meta\main.js,190,js,cafc8b60,Kyle Duong,2026-05-07,22:54:33,-07:00,2026-05-07T22:54:33-07:00,2,12
meta\main.js,191,js,cafc8b60,Kyle Duong,2026-05-07,22:54:33,-07:00,2026-05-07T22:54:33-07:00,2,14
meta\main.js,192,js,cafc8b60,Kyle Duong,2026-05-07,22:54:33,-07:00,2026-05-07T22:54:33-07:00,2,42
meta\main.js,193,js,cafc8b60,Kyle Duong,2026-05-07,22:54:33,-07:00,2026-05-07T22:54:33-07:00,0,0
meta\main.js,194,js,3e2969e9,Kyle Duong,2026-05-07,23:03:34,-07:00,2026-05-07T23:03:34-07:00,1,19
meta\main.js,195,js,3e2969e9,Kyle Duong,2026-05-07,23:03:34,-07:00,2026-05-07T23:03:34-07:00,2,12
meta\main.js,196,js,3e2969e9,Kyle Duong,2026-05-07,23:03:34,-07:00,2026-05-07T23:03:34-07:00,2,25
meta\main.js,197,js,3e2969e9,Kyle Duong,2026-05-07,23:03:34,-07:00,2026-05-07T23:03:34-07:00,2,62
meta\main.js,198,js,3e2969e9,Kyle Duong,2026-05-07,23:03:34,-07:00,2026-05-07T23:03:34-07:00,0,0
meta\main.js,199,js,d58eb0b8,Kyle Duong,2026-05-07,23:30:32,-07:00,2026-05-07T23:30:32-07:00,1,67
meta\main.js,200,js,d58eb0b8,Kyle Duong,2026-05-07,23:30:32,-07:00,2026-05-07T23:30:32-07:00,0,0
meta\main.js,201,js,d58eb0b8,Kyle Duong,2026-05-07,23:30:32,-07:00,2026-05-07T23:30:32-07:00,1,15
meta\main.js,202,js,13a8e015,Kyle Duong,2026-05-07,23:32:09,-07:00,2026-05-07T23:32:09-07:00,2,10
meta\main.js,203,js,d58eb0b8,Kyle Duong,2026-05-07,23:30:32,-07:00,2026-05-07T23:30:32-07:00,2,27
meta\main.js,204,js,6a7c99d1,Kyle Duong,2026-05-07,23:35:17,-07:00,2026-05-07T23:35:17-07:00,2,14
meta\main.js,205,js,d58eb0b8,Kyle Duong,2026-05-07,23:30:32,-07:00,2026-05-07T23:30:32-07:00,0,0
meta\main.js,206,js,cafc8b60,Kyle Duong,2026-05-07,22:54:33,-07:00,2026-05-07T22:54:33-07:00,1,34
meta\main.js,207,js,3e2969e9,Kyle Duong,2026-05-07,23:03:34,-07:00,2026-05-07T23:03:34-07:00,0,0
meta\main.js,208,js,1dfe5672,Kyle Duong,2026-05-07,22:56:48,-07:00,2026-05-07T22:56:48-07:00,1,14
meta\main.js,209,js,1dfe5672,Kyle Duong,2026-05-07,22:56:48,-07:00,2026-05-07T22:56:48-07:00,2,15
meta\main.js,210,js,1dfe5672,Kyle Duong,2026-05-07,22:56:48,-07:00,2026-05-07T22:56:48-07:00,2,58
meta\main.js,211,js,cafc8b60,Kyle Duong,2026-05-07,22:54:33,-07:00,2026-05-07T22:54:33-07:00,0,0
meta\main.js,212,js,90b0471e,Kyle Duong,2026-05-07,22:59:54,-07:00,2026-05-07T22:59:54-07:00,1,19
meta\main.js,213,js,90b0471e,Kyle Duong,2026-05-07,22:59:54,-07:00,2026-05-07T22:59:54-07:00,2,10
meta\main.js,214,js,90b0471e,Kyle Duong,2026-05-07,22:59:54,-07:00,2026-05-07T22:59:54-07:00,2,25
meta\main.js,215,js,90b0471e,Kyle Duong,2026-05-07,22:59:54,-07:00,2026-05-07T22:59:54-07:00,2,53
meta\main.js,216,js,90b0471e,Kyle Duong,2026-05-07,22:59:54,-07:00,2026-05-07T22:59:54-07:00,0,0
meta\main.js,217,js,90b0471e,Kyle Duong,2026-05-07,22:59:54,-07:00,2026-05-07T22:59:54-07:00,1,13
meta\main.js,218,js,90b0471e,Kyle Duong,2026-05-07,22:59:54,-07:00,2026-05-07T22:59:54-07:00,2,0
meta\main.js,219,js,90b0471e,Kyle Duong,2026-05-07,22:59:54,-07:00,2026-05-07T22:59:54-07:00,3,15
meta\main.js,220,js,90b0471e,Kyle Duong,2026-05-07,22:59:54,-07:00,2026-05-07T22:59:54-07:00,3,13
meta\main.js,221,js,90b0471e,Kyle Duong,2026-05-07,22:59:54,-07:00,2026-05-07T22:59:54-07:00,3,26
meta\main.js,222,js,90b0471e,Kyle Duong,2026-05-07,22:59:54,-07:00,2026-05-07T22:59:54-07:00,1,0
meta\main.js,223,js,90b0471e,Kyle Duong,2026-05-07,22:59:54,-07:00,2026-05-07T22:59:54-07:00,0,0
meta\main.js,224,js,cafc8b60,Kyle Duong,2026-05-07,22:54:33,-07:00,2026-05-07T22:54:33-07:00,1,1
meta\main.js,225,js,cafc8b60,Kyle Duong,2026-05-07,22:54:33,-07:00,2026-05-07T22:54:33-07:00,2,10
meta\main.js,226,js,cafc8b60,Kyle Duong,2026-05-07,22:54:33,-07:00,2026-05-07T22:54:33-07:00,2,54
meta\main.js,227,js,cafc8b60,Kyle Duong,2026-05-07,22:54:33,-07:00,2026-05-07T22:54:33-07:00,2,11
meta\main.js,228,js,cafc8b60,Kyle Duong,2026-05-07,22:54:33,-07:00,2026-05-07T22:54:33-07:00,0,0
meta\main.js,229,js,cafc8b60,Kyle Duong,2026-05-07,22:54:33,-07:00,2026-05-07T22:54:33-07:00,1,1
meta\main.js,230,js,cafc8b60,Kyle Duong,2026-05-07,22:54:33,-07:00,2026-05-07T22:54:33-07:00,2,10
meta\main.js,231,js,cafc8b60,Kyle Duong,2026-05-07,22:54:33,-07:00,2026-05-07T22:54:33-07:00,2,52
meta\main.js,232,js,cafc8b60,Kyle Duong,2026-05-07,22:54:33,-07:00,2026-05-07T22:54:33-07:00,2,11
meta\main.js,233,js,0ccc7b18,Kyle Duong,2026-05-07,22:50:24,-07:00,2026-05-07T22:50:24-07:00,0,0
meta\main.js,234,js,0ccc7b18,Kyle Duong,2026-05-07,22:50:24,-07:00,2026-05-07T22:50:24-07:00,1,49
meta\main.js,235,js,6a7c99d1,Kyle Duong,2026-05-07,23:35:17,-07:00,2026-05-07T23:35:17-07:00,1,59
meta\main.js,236,js,0ccc7b18,Kyle Duong,2026-05-07,22:50:24,-07:00,2026-05-07T22:50:24-07:00,0,0
meta\main.js,237,js,0ccc7b18,Kyle Duong,2026-05-07,22:50:24,-07:00,2026-05-07T22:50:24-07:00,1,2
meta\main.js,238,js,0ccc7b18,Kyle Duong,2026-05-07,22:50:24,-07:00,2026-05-07T22:50:24-07:00,2,18
meta\main.js,239,js,6a7c99d1,Kyle Duong,2026-05-07,23:35:17,-07:00,2026-05-07T23:35:17-07:00,2,18
meta\main.js,240,js,0ccc7b18,Kyle Duong,2026-05-07,22:50:24,-07:00,2026-05-07T22:50:24-07:00,2,13
meta\main.js,241,js,0ccc7b18,Kyle Duong,2026-05-07,22:50:24,-07:00,2026-05-07T22:50:24-07:00,2,36
meta\main.js,242,js,0ccc7b18,Kyle Duong,2026-05-07,22:50:24,-07:00,2026-05-07T22:50:24-07:00,2,36
meta\main.js,243,js,d58eb0b8,Kyle Duong,2026-05-07,23:30:32,-07:00,2026-05-07T23:30:32-07:00,2,37
meta\main.js,244,js,0dec3912,Kyle Duong,2026-05-07,23:14:15,-07:00,2026-05-07T23:14:15-07:00,2,42
meta\main.js,245,js,d58eb0b8,Kyle Duong,2026-05-07,23:30:32,-07:00,2026-05-07T23:30:32-07:00,2,25
meta\main.js,246,js,0dec3912,Kyle Duong,2026-05-07,23:14:15,-07:00,2026-05-07T23:14:15-07:00,2,36
meta\main.js,247,js,d58eb0b8,Kyle Duong,2026-05-07,23:30:32,-07:00,2026-05-07T23:30:32-07:00,3,54
meta\main.js,248,js,0dec3912,Kyle Duong,2026-05-07,23:14:15,-07:00,2026-05-07T23:14:15-07:00,3,27
meta\main.js,249,js,c7705032,Kyle Duong,2026-05-07,23:20:42,-07:00,2026-05-07T23:20:42-07:00,3,28
meta\main.js,250,js,413cd190,Kyle Duong,2026-05-07,23:24:18,-07:00,2026-05-07T23:24:18-07:00,3,27
meta\main.js,251,js,0dec3912,Kyle Duong,2026-05-07,23:14:15,-07:00,2026-05-07T23:14:15-07:00,2,0
meta\main.js,252,js,d58eb0b8,Kyle Duong,2026-05-07,23:30:32,-07:00,2026-05-07T23:30:32-07:00,2,28
meta\main.js,253,js,d58eb0b8,Kyle Duong,2026-05-07,23:30:32,-07:00,2026-05-07T23:30:32-07:00,3,56
meta\main.js,254,js,c7705032,Kyle Duong,2026-05-07,23:20:42,-07:00,2026-05-07T23:20:42-07:00,3,29
meta\main.js,255,js,0dec3912,Kyle Duong,2026-05-07,23:14:15,-07:00,2026-05-07T23:14:15-07:00,2,1
meta\main.js,256,js,906b3ade,Kyle Duong,2026-05-07,23:37:35,-07:00,2026-05-07T23:37:35-07:00,0,0
meta\main.js,257,js,906b3ade,Kyle Duong,2026-05-07,23:37:35,-07:00,2026-05-07T23:37:35-07:00,1,23
meta\main.js,258,js,0ccc7b18,Kyle Duong,2026-05-07,22:50:24,-07:00,2026-05-07T22:50:24-07:00,0,0
meta\main.js,259,js,0ccc7b18,Kyle Duong,2026-05-07,22:50:24,-07:00,2026-05-07T22:50:24-07:00,0,0
meta\main.js,260,js,4784813f,Kyle Duong,2026-05-07,22:35:03,-07:00,2026-05-07T22:35:03-07:00,0,26
meta\main.js,261,js,4784813f,Kyle Duong,2026-05-07,22:35:03,-07:00,2026-05-07T22:35:03-07:00,0,33
meta\main.js,262,js,4784813f,Kyle Duong,2026-05-07,22:35:03,-07:00,2026-05-07T22:35:03-07:00,0,0
meta\main.js,263,js,0ccc7b18,Kyle Duong,2026-05-07,22:50:24,-07:00,2026-05-07T22:50:24-07:00,0,30
meta\main.js,264,js,0ccc7b18,Kyle Duong,2026-05-07,22:50:24,-07:00,2026-05-07T22:50:24-07:00,0,31
meta\index.html,1,html,4bb554d7,Kyle Duong,2026-05-07,22:21:39,-07:00,2026-05-07T22:21:39-07:00,0,13
meta\index.html,2,html,4bb554d7,Kyle Duong,2026-05-07,22:21:39,-07:00,2026-05-07T22:21:39-07:00,0,14
meta\index.html,3,html,4bb554d7,Kyle Duong,2026-05-07,22:21:39,-07:00,2026-05-07T22:21:39-07:00,0,4
meta\index.html,4,html,4bb554d7,Kyle Duong,2026-05-07,22:21:39,-07:00,2026-05-07T22:21:39-07:00,1,22
meta\index.html,5,html,4bb554d7,Kyle Duong,2026-05-07,22:21:39,-07:00,2026-05-07T22:21:39-07:00,1,70
meta\index.html,6,html,4bb554d7,Kyle Duong,2026-05-07,22:21:39,-07:00,2026-05-07T22:21:39-07:00,1,26
meta\index.html,7,html,4bb554d7,Kyle Duong,2026-05-07,22:21:39,-07:00,2026-05-07T22:21:39-07:00,1,43
meta\index.html,8,html,4bb554d7,Kyle Duong,2026-05-07,22:21:39,-07:00,2026-05-07T22:21:39-07:00,1,48
meta\index.html,9,html,3b8c9b54,Kyle Duong,2026-05-07,22:29:53,-07:00,2026-05-07T22:29:53-07:00,1,43
meta\index.html,10,html,4bb554d7,Kyle Duong,2026-05-07,22:21:39,-07:00,2026-05-07T22:21:39-07:00,0,5
meta\index.html,11,html,4bb554d7,Kyle Duong,2026-05-07,22:21:39,-07:00,2026-05-07T22:21:39-07:00,0,4
meta\index.html,12,html,4bb554d7,Kyle Duong,2026-05-07,22:21:39,-07:00,2026-05-07T22:21:39-07:00,1,20
meta\index.html,13,html,4bb554d7,Kyle Duong,2026-05-07,22:21:39,-07:00,2026-05-07T22:21:39-07:00,0,0
meta\index.html,14,html,4bb554d7,Kyle Duong,2026-05-07,22:21:39,-07:00,2026-05-07T22:21:39-07:00,1,1
meta\index.html,15,html,4bb554d7,Kyle Duong,2026-05-07,22:21:39,-07:00,2026-05-07T22:21:39-07:00,2,89
meta\index.html,16,html,4bb554d7,Kyle Duong,2026-05-07,22:21:39,-07:00,2026-05-07T22:21:39-07:00,1,2
meta\index.html,17,html,3b8c9b54,Kyle Duong,2026-05-07,22:29:53,-07:00,2026-05-07T22:29:53-07:00,0,0
meta\index.html,18,html,3b8c9b54,Kyle Duong,2026-05-07,22:29:53,-07:00,2026-05-07T22:29:53-07:00,1,20
meta\index.html,19,html,0ccc7b18,Kyle Duong,2026-05-07,22:50:24,-07:00,2026-05-07T22:50:24-07:00,0,0
meta\index.html,20,html,0ccc7b18,Kyle Duong,2026-05-07,22:50:24,-07:00,2026-05-07T22:50:24-07:00,1,29
meta\index.html,21,html,0ccc7b18,Kyle Duong,2026-05-07,22:50:24,-07:00,2026-05-07T22:50:24-07:00,1,20
meta\index.html,22,html,00000000,Not Committed Yet,2026-05-07,23:51:58,-07:00,2026-05-07T23:51:58-07:00,1,45
meta\index.html,23,html,0dec3912,Kyle Duong,2026-05-07,23:14:15,-07:00,2026-05-07T23:14:15-07:00,0,0
meta\index.html,24,html,c7705032,Kyle Duong,2026-05-07,23:20:42,-07:00,2026-05-07T23:20:42-07:00,1,50
meta\index.html,25,html,0dec3912,Kyle Duong,2026-05-07,23:14:15,-07:00,2026-05-07T23:14:15-07:00,2,13
meta\index.html,26,html,0dec3912,Kyle Duong,2026-05-07,23:14:15,-07:00,2026-05-07T23:14:15-07:00,2,2
meta\index.html,27,html,0dec3912,Kyle Duong,2026-05-07,23:14:15,-07:00,2026-05-07T23:14:15-07:00,3,46
meta\index.html,28,html,0dec3912,Kyle Duong,2026-05-07,23:14:15,-07:00,2026-05-07T23:14:15-07:00,2,3
meta\index.html,29,html,0dec3912,Kyle Duong,2026-05-07,23:14:15,-07:00,2026-05-07T23:14:15-07:00,0,0
meta\index.html,30,html,0dec3912,Kyle Duong,2026-05-07,23:14:15,-07:00,2026-05-07T23:14:15-07:00,2,11
meta\index.html,31,html,0dec3912,Kyle Duong,2026-05-07,23:14:15,-07:00,2026-05-07T23:14:15-07:00,2,24
meta\index.html,32,html,0dec3912,Kyle Duong,2026-05-07,23:14:15,-07:00,2026-05-07T23:14:15-07:00,0,0
meta\index.html,33,html,0dec3912,Kyle Duong,2026-05-07,23:14:15,-07:00,2026-05-07T23:14:15-07:00,2,11
meta\index.html,34,html,0dec3912,Kyle Duong,2026-05-07,23:14:15,-07:00,2026-05-07T23:14:15-07:00,2,24
meta\index.html,35,html,0dec3912,Kyle Duong,2026-05-07,23:14:15,-07:00,2026-05-07T23:14:15-07:00,0,0
meta\index.html,36,html,0dec3912,Kyle Duong,2026-05-07,23:14:15,-07:00,2026-05-07T23:14:15-07:00,2,13
meta\index.html,37,html,0dec3912,Kyle Duong,2026-05-07,23:14:15,-07:00,2026-05-07T23:14:15-07:00,2,26
meta\index.html,38,html,0dec3912,Kyle Duong,2026-05-07,23:14:15,-07:00,2026-05-07T23:14:15-07:00,0,0
meta\index.html,39,html,0dec3912,Kyle Duong,2026-05-07,23:14:15,-07:00,2026-05-07T23:14:15-07:00,2,19
meta\index.html,40,html,0dec3912,Kyle Duong,2026-05-07,23:14:15,-07:00,2026-05-07T23:14:15-07:00,2,25
meta\index.html,41,html,0dec3912,Kyle Duong,2026-05-07,23:14:15,-07:00,2026-05-07T23:14:15-07:00,1,3
meta\index.html,42,html,0dec3912,Kyle Duong,2026-05-07,23:14:15,-07:00,2026-05-07T23:14:15-07:00,0,5
meta\index.html,43,html,0dec3912,Kyle Duong,2026-05-07,23:14:15,-07:00,2026-05-07T23:14:15-07:00,0,5
contact\index.html,1,html,e595aa65,Kyle Duong,2026-04-07,10:30:33,-07:00,2026-04-07T10:30:33-07:00,2,13
contact\index.html,2,html,e595aa65,Kyle Duong,2026-04-07,10:30:33,-07:00,2026-04-07T10:30:33-07:00,2,14
contact\index.html,3,html,e595aa65,Kyle Duong,2026-04-07,10:30:33,-07:00,2026-04-07T10:30:33-07:00,2,4
contact\index.html,4,html,e595aa65,Kyle Duong,2026-04-07,10:30:33,-07:00,2026-04-07T10:30:33-07:00,4,20
contact\index.html,5,html,e595aa65,Kyle Duong,2026-04-07,10:30:33,-07:00,2026-04-07T10:30:33-07:00,4,68
contact\index.html,6,html,e595aa65,Kyle Duong,2026-04-07,10:30:33,-07:00,2026-04-07T10:30:33-07:00,4,20
contact\index.html,7,html,e6aa1bd9,Kyle Duong,2026-04-07,10:47:26,-07:00,2026-04-07T10:47:26-07:00,4,41
contact\index.html,8,html,e595aa65,Kyle Duong,2026-04-07,10:30:33,-07:00,2026-04-07T10:30:33-07:00,2,5
contact\index.html,9,html,e595aa65,Kyle Duong,2026-04-07,10:30:33,-07:00,2026-04-07T10:30:33-07:00,2,4
contact\index.html,10,html,e595aa65,Kyle Duong,2026-04-07,10:30:33,-07:00,2026-04-07T10:30:33-07:00,4,14
contact\index.html,11,html,f2a9cc73,Kyle Duong,2026-04-01,17:16:45,-07:00,2026-04-01T17:16:45-07:00,0,0
contact\index.html,12,html,e595aa65,Kyle Duong,2026-04-07,10:30:33,-07:00,2026-04-07T10:30:33-07:00,4,72
contact\index.html,13,html,e595aa65,Kyle Duong,2026-04-07,10:30:33,-07:00,2026-04-07T10:30:33-07:00,6,5
contact\index.html,14,html,e595aa65,Kyle Duong,2026-04-07,10:30:33,-07:00,2026-04-07T10:30:33-07:00,8,4
contact\index.html,15,html,e595aa65,Kyle Duong,2026-04-07,10:30:33,-07:00,2026-04-07T10:30:33-07:00,8,31
contact\index.html,16,html,e595aa65,Kyle Duong,2026-04-07,10:30:33,-07:00,2026-04-07T10:30:33-07:00,6,6
contact\index.html,17,html,e595aa65,Kyle Duong,2026-04-07,10:30:33,-07:00,2026-04-07T10:30:33-07:00,6,5
contact\index.html,18,html,e595aa65,Kyle Duong,2026-04-07,10:30:33,-07:00,2026-04-07T10:30:33-07:00,8,6
contact\index.html,19,html,e595aa65,Kyle Duong,2026-04-07,10:30:33,-07:00,2026-04-07T10:30:33-07:00,8,20
contact\index.html,20,html,e595aa65,Kyle Duong,2026-04-07,10:30:33,-07:00,2026-04-07T10:30:33-07:00,6,6
contact\index.html,21,html,e595aa65,Kyle Duong,2026-04-07,10:30:33,-07:00,2026-04-07T10:30:33-07:00,6,5
contact\index.html,22,html,e595aa65,Kyle Duong,2026-04-07,10:30:33,-07:00,2026-04-07T10:30:33-07:00,8,3
contact\index.html,23,html,e595aa65,Kyle Duong,2026-04-07,10:30:33,-07:00,2026-04-07T10:30:33-07:00,8,31
contact\index.html,24,html,e595aa65,Kyle Duong,2026-04-07,10:30:33,-07:00,2026-04-07T10:30:33-07:00,6,6
contact\index.html,25,html,e595aa65,Kyle Duong,2026-04-07,10:30:33,-07:00,2026-04-07T10:30:33-07:00,6,21
contact\index.html,26,html,f1c9e1c3,Kyle Duong,2026-04-15,13:30:54,-07:00,2026-04-15T13:30:54-07:00,0,0
contact\index.html,27,html,f1c9e1c3,Kyle Duong,2026-04-15,13:30:54,-07:00,2026-04-15T13:30:54-07:00,6,48
contact\index.html,28,html,e595aa65,Kyle Duong,2026-04-07,10:30:33,-07:00,2026-04-07T10:30:33-07:00,4,5
contact\index.html,29,html,e595aa65,Kyle Duong,2026-04-07,10:30:33,-07:00,2026-04-07T10:30:33-07:00,2,5
contact\index.html,30,html,e595aa65,Kyle Duong,2026-04-07,10:30:33,-07:00,2026-04-07T10:30:33-07:00,2,5
